/*
SQLyog v10.2 
MySQL - 5.6.24-log : Database - db_appapidemo
*********************************************************************
*/

/*!40101 SET NAMES utf8 */;

/*!40101 SET SQL_MODE=''*/;

/*!40014 SET @OLD_UNIQUE_CHECKS=@@UNIQUE_CHECKS, UNIQUE_CHECKS=0 */;
/*!40014 SET @OLD_FOREIGN_KEY_CHECKS=@@FOREIGN_KEY_CHECKS, FOREIGN_KEY_CHECKS=0 */;
/*!40101 SET @OLD_SQL_MODE=@@SQL_MODE, SQL_MODE='NO_AUTO_VALUE_ON_ZERO' */;
/*!40111 SET @OLD_SQL_NOTES=@@SQL_NOTES, SQL_NOTES=0 */;
CREATE DATABASE /*!32312 IF NOT EXISTS*/`db_appapidemo` /*!40100 DEFAULT CHARACTER SET utf8mb4 */;

USE `db_appapidemo`;

/*Table structure for table `t_album` */

DROP TABLE IF EXISTS `t_album`;

CREATE TABLE `t_album` (
  `aid` int(11) NOT NULL AUTO_INCREMENT,
  `title` varchar(110) NOT NULL,
  `author` varchar(110) NOT NULL,
  `publisher` varchar(110) NOT NULL,
  `publishtime` varchar(110) NOT NULL,
  `num` int(11) NOT NULL,
  `descri` text NOT NULL,
  `time` varchar(110) NOT NULL,
  PRIMARY KEY (`aid`)
) ENGINE=InnoDB AUTO_INCREMENT=15 DEFAULT CHARSET=utf8mb4;

/*Data for the table `t_album` */

insert  into `t_album`(`aid`,`title`,`author`,`publisher`,`publishtime`,`num`,`descri`,`time`) values (4,'历史之谜：少年科学探秘小说（全十册）','法；帕斯卡尔·艾德兰;阿诺克·儒尔诺—杜蕾;萨米尔·瑟努斯','光明日报出版社','Wed Nov 01 2017 00:00:00 GMT+0800 (中国标准时间)',2,'<p><img src=\"http://img55.ddimg.cn/99999990002334655.jpg\"></p><p><span style=\"color: rgb(50, 50, 50); background-color: rgb(229, 229, 229);\">编辑推荐</span></p><p><strong>法国著名童书出版社巴亚为孩子量身打造</strong></p><p><strong>真实历史资料与虚构故事完美结合</strong></p><p><strong>满足孩子探寻未知世界的好奇心</strong></p><p><strong>阅读过程就是一流的科学思维训练</strong></p><p>&nbsp;</p><p><strong>本书特点：</strong></p><p><strong>◎严谨的科学态度</strong></p><p>每个故事*后附一个科学档案，详细展示史料信息；</p><p>每个故事都是一个完整的科学求证过程。小主人公通过<strong>深入实地</strong>、<strong>调查取证</strong>、<strong>采访知情人</strong>，<strong>对比档案、史料分析</strong>，<strong>推导论点</strong>这一系列科学论证过程，揭开一个个历史谜团的背后真相。</p><p><strong>◎少年探秘故事主人公</strong></p><p>每个故事主人公与小读者年纪相仿，更具代入感；孩子可以充分发挥想象，将自己想象为探秘的主人公，随着故事情节的发展，一起分析、取证、推理，来一场探险之旅。</p><p><strong>◎丰富的历史、地理知识</strong></p><p>从埃及法老到拿破仑皇帝，从神秘尼斯湖水怪到魔鬼百慕大三角，从欧洲到美洲，从喜马拉雅雪山到南美洲复活节岛，孩子在阅读的过程中，轻松学到丰富的历史、地理知识。</p><p><strong>◎易读的小说题材</strong></p><p>完整的故事脉络，跌宕起伏的情节，细腻的心理描写，引人入胜的气氛渲染，比起枯燥的科普书，孩子阅读起来兴味盎然。&nbsp;</p><p><span style=\"color: rgb(50, 50, 50); background-color: rgb(229, 229, 229);\">内容简介</span></p><p>这一套书共十分册，分别是《图坦卡蒙的诅咒》《铁面人》《热沃当恶兽》《喜马拉雅雪人》《魔鬼百慕大三角》《消失的亚特兰蒂斯》《死而复生的路易十七》《复活节岛神秘石像》《尼斯湖水怪》《拿破仑之死》。十个故事，十个发生在不同时间、地域的神秘事件。</p><p>埃及法老图坦卡蒙死后陵墓一直没被发现，直到20世纪末，被一支考古科察队在一个偶然机遇下发掘，可是此后不久，接触到法老陵墓的人都一个个离奇死亡，这真的像坊间流传的，是法老的诅咒吗？还是一场不为人知的阴谋？</p><p>巴士底狱一直是关押法国国王的政敌的地方，可是在18世纪，这里关押了一个神秘的犯人，外界显少知道其存在，更没有知道他的身份，有人说他是路易十六的哥哥，有人说他是路易十六的情敌，他的身份到底是什么？</p><p>柏拉图曾在他的书中提到过一个神秘的古城——亚特兰蒂斯，千百年来人们一直寻找这个消失的古城，有人说这只是个传说，有人说它是确实存在的，有人说它在大西洋海底，有人说它在地中海内，考古学家和他的女儿来到瓜达维达湖寻找亚特兰蒂斯，他们经历了一次精彩绝伦却又危险重重的大冒险，他们*后找到这座消失的古城吗？</p><p><span style=\"color: rgb(80, 80, 80);\">显示全部信息</span></p><p><span style=\"color: rgb(50, 50, 50); background-color: rgb(229, 229, 229);\">作者简介</span></p><p>帕斯卡尔·艾德兰，是一位多产的法国作家，曾经为许多纪录片、杂志和期刊撰写过文章，还创作过众多的青少年小说，受到了青少年读者的喜爱。</p><p>阿诺克·儒尔诺—杜蕾，是青年文学、纪实文学作家，同时还是英文翻译家、词典学家、写作室主持人。</p><p>萨米尔·瑟努斯，主写科幻小说和纪实作品，如《希腊小奴隶泰姆》《英勇的战士》和《印度科学和发明》等</p><p><span style=\"color: rgb(50, 50, 50); background-color: rgb(229, 229, 229);\">目 录</span></p><p><strong>《图坦卡蒙的诅咒》</strong></p><p><strong>《铁面人》</strong></p><p><strong>《热沃当恶兽》</strong></p><p><strong>《喜马拉雅雪人》</strong></p><p><strong>《魔鬼百慕大三角》</strong></p><p><strong>《消失的亚特兰蒂斯》</strong></p><p><strong>《死而复生的路易十七》</strong></p><p><strong>《复活节岛神秘石像》</strong></p><p><strong>《尼斯湖水怪》</strong></p><p><strong>《拿破仑之死》</strong></p>','2018-01-13 20:26:58'),(5,'别叫他宝贝，他是行者辛巴（独家签名本）','老极','安徽少年儿童出版社','Thu Jan 11 2018 00:00:00 GMT+0800 (中国标准时间)',3,'<p><img src=\"http://img55.ddimg.cn/99999990002294775.jpg\"></p><p><span style=\"color: rgb(50, 50, 50); background-color: rgb(229, 229, 229);\">编辑推荐</span></p><p>★一个走得很远很远的中国小屁孩</p><p>3岁，185天，途径12个国家去北极看熊；5岁，146天，纵穿南美洲去南极看企鹅。辛巴是迄今为止年龄zui小走得zui远的一个中国小屁孩。</p><p>★一起启发年轻父母的轰动事件</p><p>与多数中国父母不同的是，老极并没有过早地把孩子送入课堂和束缚在课本里，他将儿子辛巴引向自然，让他带着好奇与兴奋，去阅读大自然这本厚重之书。</p><p>★一种特立独行的生活方式</p><p>辛巴一家的环球之旅向世界证明：有了孩子的父母也应该坚持原有的模样和梦想，活得独立、自信、漂亮。</p><p>★一种多元教育的价值思考</p><p>辛巴一家的传奇旅行经历将会启发中国年轻父母们更加用心地去陪伴童年时期的孩子，激励他们敢于打破固定的生活模式，去寻找生命中更多的可能。</p><p><br></p><p>&nbsp;</p><p><span style=\"color: rgb(50, 50, 50); background-color: rgb(229, 229, 229);\">内容简介</span></p><p>&nbsp;&nbsp;这是一部记录作者老极带着妻子小猪、儿子辛巴，途径20国进行环球旅行的非虚构文学。</p><p>&nbsp;&nbsp;为了好好陪伴孩子，和坚持夫妻俩原有的梦想，热爱旅行的老极夫妇从2014年11月开始，也就是辛巴3岁的时候起，一家人骑着三轮摩托车出发，历时185天，途径12个国家来到了白色世界北极看熊；又在2016&nbsp;年11月开始，辛巴5岁的时候，一家人再次出发，历时146天，纵穿整个南美洲，越过千年寒冰到达无限冷冻的南极圈看企鹅。这一路之上，每一次挑战、每一回喜悦、每一个问题、每一份收获都是无法预料且真实发生的。</p><p>&nbsp;&nbsp;书中通过带孩子环球旅行这种探索外部世界的方式，真实展现了辛巴在旅行当中的见闻和成长，特别探索了旅行对于幼儿成长的意义，深度启发了中国父母对于教育模式、与孩子相处方式的思考。</p><p><br></p><p><span style=\"color: rgb(50, 50, 50); background-color: rgb(229, 229, 229);\">作者简介</span></p><p>老极，本名徐承华，国际知名行者，纪录片导演，环保人士。因为喜欢极限运动，被大家称呼为老极。曾获得第十届中国户外金犀牛奖最佳背包客（2015）、第七届中国当代徐霞客（2017）、班夫国际电影节中国首位探险家等称号。作者根据自己携妻带子行走南北极的真实经历，拍摄成大型纪录片《别叫我宝贝》（16&nbsp;集）、《南极学前班》（15&nbsp;集）在旅游卫视《行者》栏目先后播出。</p><p><span style=\"color: rgb(50, 50, 50); background-color: rgb(229, 229, 229);\">目 录</span></p><p>第一章：出发前我，长发飘飘，一路仗剑走天涯　/ 003我俩，一个人行走很孤独，有你真好　/ 007我仨，原本是“铁钉”一族，可上天偏偏塞给我一个辛巴　/ 008趁你还小，趁我们未老，我们满世界去野吧　/ 010第二章：老挝骑着风一般的三轮摩托车，进入龟速慢世界　/ 015琅勃拉邦，吃几只蝗虫再上路　/ 018遇见你们真好！在路上擦肩而过的行者　/ 020四千美岛，小辛巴遇上了同一频率的法国小“老驴”　/ 024</p><p>第六章：斯里兰卡艺高人胆大，开着斯里兰卡国粹“突突车”闯荡贾夫纳　/ 063误入“黑帮”集结地，谁敢跟我尬段钢管舞　/ 067那些年震撼我灵魂的音乐　/ 070相爱的一家人在一起，每一天都是过新年　/ 073过把瘾！当了一回“五星级”黑司机　/ 075在高山火车上，辛巴上演了一出“小小铁道游击队”　/ 078</p><p>第七章：伊朗有趣的德黑兰街头　/ 081被伊朗男子连亲三口，因为我是中国人　/ 083轻轻掀开伊朗人神秘的面纱　/ 085上天把美好的面容都给了库尔德的孩子们　/ 087祝你好运！即将奔赴战场的库尔德战士　/ 092</p><p>第八章：亚美尼亚《圣经》里说的诺亚方舟停靠的地方到了　/ 095踏上满是洞穴的山头　/ 097穴居人归来　/ 101教堂里，辛巴干了件漂亮的事　/ 103来！干掉这杯战斗民族的“夺命”伏特加　/ 105</p><p>第九章：阿塞拜疆纳卡，走进不被世人所知的地方　/ 108开火！我们是纳卡少年游击队　/ 111活着的废墟，活着的希望　/ 113</p><p>第十章：格鲁吉亚行走在普罗米修斯被囚禁的雪山上　/ 115爸爸是登山家，辛巴是登山“坐”家　/ 118我的登山往事　/ 120卡兹别克真速度，“屁降”下山呼呼呼　/ 124</p><p>第十一章：土耳其飞翔吧！有一种情结叫“宫崎骏”　/ 126让热气球飞，我们看到了世界多彩的面孔　/ 129</p><p><span style=\"color: rgb(80, 80, 80);\">显示全部信息</span></p><p><span style=\"color: rgb(50, 50, 50); background-color: rgb(229, 229, 229);\">媒体评论</span></p><p>由旅游卫视《行者》栏目制作成大型纪录片《别叫我宝贝》（16集）、《南极学前班》（15集），万众瞩目，也引起中国父母对于儿童教育的思考。</p><p><br></p><p>小辛巴在中国同龄的孩子当中无疑是幸运的，小小年纪就能以各种独特的方式开始读大自然这本厚重的书。我希望读到这本书的大朋友和小朋友们，也开始读大自然这本够您读一辈子的大书。</p><p>奚志农 野生动物摄影师、中国首位用影像将滇金丝猴和可可西里藏羚羊危机状况公之于众的人。</p><p><br></p><p>一旦生儿育女，就会不知不觉成为孩子的奴隶，但老极为众人呈现了一种不同的奴隶形态，那就是“我也是孩子啊”！于是，他的妻子默默地带着两个“小朋友”周游了世界。</p><p>杨柳松　探险家。曾77 天孤身探索北方的空地大羌塘无人区，多次穿越雅鲁藏布江大峡谷。</p><p><span style=\"color: rgb(80, 80, 80);\">显示全部信息</span></p><p><span style=\"color: rgb(50, 50, 50); background-color: rgb(229, 229, 229);\">书摘插画</span></p><p><img src=\"http://img59.ddimg.cn/99999990002268789.jpg\" alt=\"插图\"></p>','2018-01-13 20:49:51'),(6,'遇见未知的自己（全新修订版）','张德芬','湖南文艺出版社','Thu Apr 07 2016 00:00:00 GMT+0800 (中国标准时间)',1,'<p><img src=\"http://img50.ddimg.cn/99999990002226430.jpg\"></p><p><span style=\"color: rgb(50, 50, 50); background-color: rgb(229, 229, 229);\">编辑推荐</span></p><p><a href=\"http://store.dangdang.com/gys_0015115_guwo\" target=\"_blank\" style=\"color: rgb(26, 102, 179);\"><img src=\"http://img54.ddimg.cn/99999990002051184.jpg\"></a></p><p>=========================================================================</p><p>&nbsp;&nbsp;&nbsp;1.华语世界深具影响力身心灵作家张德芬代表作；都市身心灵修行必读经典,总销量超300万册；影响了数千万读者的身心灵小说。</p><p> 2.德芬*作序分享：觉察和自省是一切成长的开始；谦卑和感恩是解决一切问题的万灵丹。</p><p> 3.杨幂说：“《遇见未知的自己》可以说是一本拯救过我的书，它让我学会了臣服和接受。”</p><p><br></p><p> 刘亦菲说：“这本书让我们和自己真实的源头越来越近，人生从此变得有创造性。”</p><p> 李娜说：“我特别喜欢《遇见未知的自己》这本书，它虽然没有华丽的文字，但是充满智慧。读完之后，你真的会觉得人生没有什么过不去的坎儿。”</p><p> 郝蕾说：“从逆境中走出来后，我多次把这本书送给身边的朋友，希望大家也能唤醒那个沉睡的自己，踏上爱和喜悦的心灵旅程。”</p><p><br></p><p>&nbsp;</p><p><span style=\"color: rgb(50, 50, 50); background-color: rgb(229, 229, 229);\">内容简介</span></p><p>&nbsp;&nbsp;&nbsp;华语世界超300万册的身心灵自我修行必读经典</p><p><br></p><p> 谦卑和感恩是解决一切问题的万灵丹。</p><p> 《遇见未知的自己》这本书，可以让你了解自己、看清小我，进而在生活中操练，让自己更加自在、解脱、快乐。而感恩，正是你用谦卑的心去体会一切之后，自然而然发生的。感恩会带来更多的谦卑、更多的福分、更多的快乐，这样就形成了一个非常好的良性循环。</p><p> 这个成长进步的过程，需要大家把书中的资讯拿出来，彻底在生活中执行。一段时间以后，你一定会在某个领域或是某些情境能够做到先知先觉，不再堕入惯性模式的陷阱里。</p><p>&nbsp;&nbsp;&nbsp;&nbsp;&nbsp;&nbsp;&nbsp;&nbsp;&nbsp;&nbsp;&nbsp;&nbsp;&nbsp;&nbsp;&nbsp;&nbsp;&nbsp;&nbsp;&nbsp;&nbsp;&nbsp;&nbsp;&nbsp;&nbsp;&nbsp;&nbsp;&nbsp;&nbsp;&nbsp;&nbsp;&nbsp;&nbsp;&nbsp;&nbsp;&nbsp;&nbsp;&nbsp;&nbsp;&nbsp;&nbsp;&nbsp;&nbsp;&nbsp;&nbsp;&nbsp;&nbsp;&nbsp;&nbsp;&nbsp;&nbsp;&nbsp;&nbsp;&nbsp;&nbsp;&nbsp;&nbsp;&nbsp;&nbsp;&nbsp;&nbsp;&nbsp;&nbsp;&nbsp;&nbsp;&nbsp;&nbsp;&nbsp;&nbsp;&nbsp;&nbsp;&nbsp;&nbsp;&nbsp;——张德芬</p><p><br></p><p><span style=\"color: rgb(50, 50, 50); background-color: rgb(229, 229, 229);\">作者简介</span></p><p>&nbsp;&nbsp;&nbsp;台湾大学企业管理系毕业。曾任台湾电视公司记者、主播多年。在美国UCLA取得MBA学位，2002年辞去国际知名公司IBM高薪工作，致力心灵潜修及写作，迄今其系列作品总销量已经超过600万册，被誉为华语世界深具影响力身心灵作家。作品已被泰国、韩国、越南等国翻译成该国文字热销中。</p><p> 2007年，出版作品《遇见未知的自己》，在台湾地区一上市就掀起了阅读狂潮，该书被誉为华语世界第一本身心灵成长小说。同年，大陆引进的简体版，很快位列各大图书销量排行榜榜首，至今销量已突破300万册。</p><p> 2008年至2013年，作品《活出全新的自己》《遇见心想事成的自己》《重遇未知的自己》（台版为：《爱上自己的不完美》）《舍得让你爱的人受苦》逐一上市。与此同时，张德芬还翻译了德国心灵导师艾克哈特?托尔的作品《新世界：灵性的觉醒》《修炼当下的力量》和加拿大知见心理学领袖克里斯多福?孟的《找回你的生命礼物》，以及审校《灵性开悟：不是你想的那样》等身心灵作品，为华语世界的身心灵普及发展做出了巨大的贡献。</p><p><br></p><p><span style=\"color: rgb(50, 50, 50); background-color: rgb(229, 229, 229);\">目 录</span></p><p>再版序 生活是我们最好的上师</p><p> 自序 活出你想要的人生</p><p><br></p><p> 01.一场奇怪的对话——我是谁？</p><p> 02.老人的读心术——我不是谁？</p><p> 03.做爱像去迪士尼乐园？——我们到底想要什么</p><p> 04.我为什么常常不快乐？——失落了真实的自己</p><p> 05.人生就像一场戏——角色面具</p><p> 06.层层包裹的同心圆——未知的自己</p><p> 07.这个世界是什么组成的——能量争夺战</p><p> 08.你所招引的人、事、物——吸引力法则</p><p> 09.巧遇旧识——潜意识初探</p><p> 10.当灵性与科学相遇——我们创造了自己的世界</p><p> 11.命好不怕运来磨——潜意识中的人生模式</p><p><span style=\"color: rgb(80, 80, 80);\">显示全部信息</span></p><p><span style=\"color: rgb(50, 50, 50); background-color: rgb(229, 229, 229);\">前 言</span></p><p>生活是我们最好的上师</p><p><br></p><p><br></p><p> 2007年，《遇见未知的自己》第一次出版，距离现今（2016年）几乎要十年了，今年又要再版。</p><p> 此刻，我的内心是充满感激的。从当年没有出版社愿意接受的一本无法定位的书，到2015年上半年还是当当网非虚构类书籍排行第三名，我只能说这本书有它自己的生命，我只是作为一个传达者，忠诚地记载了老天想要让大家知道的一些知识。</p><p> 当然，知识的传递，如果没有能量作为后盾，那么这个知识是死的。当年写这本书的时候的真诚、发心和热情，至今仍然在我胸膛里面激荡着。而多年来读者们的众多好评，让这本书成为身心灵入门的经典书，一句“亲爱的，外面没有别人”，成为灵性成长团体成员耳熟能详的一句话。</p><p><span style=\"color: rgb(80, 80, 80);\">显示全部信息</span></p><p><span style=\"color: rgb(50, 50, 50); background-color: rgb(229, 229, 229);\">媒体评论</span></p><p>2009年是我人生中灾难性的一年，人生观几乎被全面颠覆。有位朋友送给我一本《遇见未知的自己》，当我看到遭遇各种困境的女主人公通过自我回观，找回重新面对生活、创建崭新人生的力量时，我非常感动和感慨。其实，就像张德芬说的：亲爱的，外面没有别人，只有自己。从逆境中走出来后，我多次把这本书送给身边的朋友，希望大家也能唤醒那个沉睡的自己，踏上爱和喜悦的心灵旅程。&nbsp;</p><p> ——郝蕾&nbsp;</p><p> 这本书让我们惊鸿一瞥那个一直都在的深层的自己，如此的陌生又熟悉。让我们和自己真实的源头越来越近，人生从此变得富有创造性。&nbsp;</p><p> ——刘亦菲&nbsp;</p><p> 我特别喜欢《遇见未知的自己》这本书，它虽然没有华丽的文字，但是充满智慧。读完之后，你真的会觉得人生没有什么过不去的坎儿。&nbsp;</p><p> ——李娜</p><p><span style=\"color: rgb(80, 80, 80);\">显示全部信息</span></p><p><span style=\"color: rgb(50, 50, 50); background-color: rgb(229, 229, 229);\">免费在线读</span></p><p>亲爱的，外面没有别人</p><p> 转念作业</p><p><br></p><p> 若菱看到老师发下来的家庭作业，着实有点儿纳闷儿。作业的题目叫“批评你周遭的人”，然后按照要求把你的想法写下来，一共六个题目。</p><p> 若菱最想写的当然是志明，但是她又不想在陌生人面前吐露自己婚姻的问题，所以她琢磨着该怎么写这些问题，搞到很晚才睡。听到志明进屋的脚步声，和他关上客房房门的声音，又是一阵心痛。</p><p> 第二天是周日，若菱起了个大早，很期待地又去那个工作室，听老师的课。一开始，老师又是带领大家静坐，若菱在一种无形的能量中，感觉好放松，身体轻飘飘的，思绪也不知道飞到哪里去了，直到老师呼唤他们回来，若菱才依依不舍地睁开眼睛。</p><p> “昨天我们谈到逃避我们自己以及其他问题的策略，其实还有一种策略，叫作……”老师在白板上写下了“投射”两个字。</p><p> “什么是投射呢？比方说，我从小就被教导我应该是一个聪明的人，我也自认为我很聪明，所以我压抑、否认了自己不聪明的地方。于是，我看到不聪明的人的时候，他提醒了我内在不想面对的部分，所以我特别讨厌不聪明的人，对他们没有耐心。”</p><p> 老师停下来，看看所有的学生：“同样的，当你对某一类人或是他们的行为，特别有意见、特别看不顺眼的时候，就是一种自我的投射行为，也是一种逃避策略，其实，他们的那些缺点你都有，只是不承认罢了！”说着，老师把手比成一个手枪的姿势，对着一个学生，然后说，“你看，当我手指着你批评的时候，有几根手指对着我自己？”</p><p> 很明显，一根手指对着对方，三根对着自己。然后老师说：“我的老师最喜欢说的一句话，就是——”她看看若菱，显然她说的是老人，“亲爱的，外面没有别人，所有的外在事物都是你内在投射出来的结果。”</p><p> 针对老师的这句话，同学们展开了热烈的讨论。若菱班上的同学好像已经都是灵修老手了，对老师说的话很能够呼应、认同。若菱却觉得她需要一些时间来消化这么激进的观念。</p><p><span style=\"color: rgb(80, 80, 80);\">显示全部信息</span></p><p><span style=\"color: rgb(50, 50, 50); background-color: rgb(229, 229, 229);\">书摘插画</span></p><p><img src=\"http://img59.ddimg.cn/99999990001473249.jpg\" alt=\"插图\"></p><p><strong>价格说明</strong></p><ul><li><strong>当当价：</strong></li><li>为商品的销售价，具体的成交价可能因会员使用优惠券、积分等发生变化，最终以订单结算页价格为准。</li><li><strong>划线价：</strong></li><li>划线价格可能是图书封底定价、商品吊牌价、品牌专柜价或由品牌供应商提供的正品零售价（如厂商指导价、建议零售价等）或该商品曾经展示过的销售价等，由于地区、时间的差异化和市场行情波动，商品吊牌价、品牌专柜价等可能会与您购物时展示的不一致，该价格仅供您参考。</li><li><strong>折扣：</strong></li><li>折扣指在划线价（图书定价、商品吊牌价、品牌专柜价、厂商指导价等）某一价格基础上计算出的优惠比例或优惠金额。如有疑问，您可在购买前联系客服咨询。</li><li><strong>异常问题：</strong></li><li>如您发现活动商品销售价或促销信息有异常，请立即联系我们补正，以便您能顺利购物。</li></ul><h3><span style=\"color: rgb(255, 255, 255); background-color: rgb(255, 40, 50);\">写短评 赚积分</span></h3><h3>短评（106778）</h3><p>好评率</p><p><span style=\"color: rgb(100, 90, 90);\">99.9%</span></p><p>买过的人觉得</p><p><span style=\"background-color: rgb(255, 237, 238); color: rgb(100, 100, 100);\">文笔流畅（534）</span></p><p><span style=\"background-color: rgb(255, 237, 238); color: rgb(100, 100, 100);\">实用（305）</span></p><p><span style=\"background-color: rgb(255, 237, 238); color: rgb(100, 100, 100);\">感染力强（287）</span></p><p><span style=\"background-color: rgb(255, 237, 238); color: rgb(100, 100, 100);\">内容丰富（248）</span></p><p><span style=\"background-color: rgb(255, 237, 238); color: rgb(100, 100, 100);\">振奋人心（247）</span></p><p><span style=\"background-color: rgb(255, 237, 238); color: rgb(100, 100, 100);\">受益匪浅（202）</span></p><p><span style=\"background-color: rgb(255, 237, 238); color: rgb(100, 100, 100);\">干货满满（137）</span></p><p><span style=\"color: rgb(255, 40, 50);\">全部（106778）</span></p><p>好评（106644）</p><p>中评（96）</p><p>差评（38）</p><p>晒图（367）</p><p><span style=\"background-color: rgb(250, 250, 250);\">精彩评论</span></p><p>&nbsp;<span style=\"color: rgb(255, 204, 51);\">10分</span></p><p><a href=\"http://comment.dangdang.com/comment/info/0/35364466535/23927251/23927251/238813015\" target=\"_blank\" style=\"color: rgb(100, 100, 100);\">刚读完胡因梦《生命的不可思议》，收获很大，向内观的力量真大，能让人凡事都能找到内心深处潜藏着的秘密。接着因缘又让我找到这本书，边看边把重点做上标记，然后再抄写一遍，理解更深一些。感恩，让我们每时每刻都向内观察，遇见更好的自己。</a></p><p>2017-08-10 07:19:34</p><p><span style=\"background-color: initial;\">已购</span></p><p><span style=\"color: rgb(150, 150, 150);\">32</span>&nbsp;<span style=\"color: rgb(150, 150, 150);\">4</span></p><p><span style=\"color: rgb(26, 102, 179);\"><img src=\"http://img7x8.ddimg.cn/imghead/95/18/4469462115818-1_o.png\" alt=\"无昵称用户\"></span></p><p><span style=\"color: rgb(150, 150, 150);\">无昵称用户</span></p><p><span style=\"background-color: initial;\">白银会员</span></p><p>&nbsp;<span style=\"color: rgb(255, 204, 51);\">10分</span></p><p><a href=\"http://comment.dangdang.com/comment/info/0/1/23927251/23927251/251875258\" target=\"_blank\" style=\"color: rgb(100, 100, 100);\">看完《遇见未知的自己》受益匪浅，快速通读了一遍，再次细细阅读吸收书着所讲的身体联结、情绪屈服，思想检视、身份的认同等，我爱自己把所学的用出来，分享给书友们传递着正能量，我们值得拥有</a></p><ul><li><span style=\"color: rgb(26, 102, 179);\"><img src=\"http://img7x6.ddimg.cn/Community71/41/12/12467606-reviewimg-1_p.jpg\"></span></li></ul><p>2017-11-29 22:04:32</p><p><span style=\"color: rgb(150, 150, 150);\">4</span>&nbsp;<span style=\"color: rgb(150, 150, 150);\">1</span></p><p><span style=\"color: rgb(26, 102, 179);\"><img src=\"http://img7x5.ddimg.cn/imghead/56/13/2013694530365-1_o.png\" alt=\"无昵称用户\"></span></p><p><span style=\"color: rgb(150, 150, 150);\">无昵称用户</span></p><p><span style=\"background-color: initial;\">白银会员</span></p><p>&nbsp;<span style=\"color: rgb(255, 204, 51);\">10分</span></p><p><a href=\"http://comment.dangdang.com/comment/info/0/34270485319/23927251/23927251/131655619\" target=\"_blank\" style=\"color: rgb(100, 100, 100);\">这是一本人人都应拥有阅读的书籍，受益匪浅。感恩感激感悟感动着。两天仔细阅读爱不释手立即打算再看《重逢未知的自己：爱上生命中中的不完美》。重新认识自己。打开生命的未尝被觉知的领域！这种感觉实在太妙了！感恩！遇见！</a></p><p>2016-10-11 15:11:33</p><p><span style=\"background-color: initial;\">已购</span></p><p><br></p>','2018-01-13 20:52:05'),(7,'心的重建：生命中的失去，就是重整命运的机会','[美]露易丝·海 [美]大卫·凯思乐 著，方月月 译','北京联合出版公司','Fri Jun 16 2017 00:00:00 GMT+0800 (中国标准时间)',2,'<p><img src=\"http://img53.ddimg.cn/99999990002011903.jpg\"></p><p><span style=\"color: rgb(50, 50, 50); background-color: rgb(229, 229, 229);\">编辑推荐</span></p><p>&nbsp;</p><p>★推荐一：作者露易丝·海是世界著名的心理治疗专家，被称为“zui接近圣人的人”。其经典畅销书《生命的重建》全球畅销超过30000000册，其作品翻译为29种语言，流传35个国家，累计销量50000000册。《心的重建》是其目前ZUI新/ZUI重视的作品。</p><p>★推荐二：无论离婚、分手、至亲死亡，还是爱宠过世、失业、友情破裂等，每个人一生中都会经历多种类型的失去。这本书正是教大家在经历失去时如何更积极地生活，而非深陷痛苦泥潭。</p><p>★推荐三：畅销书作家、身心灵导师张德芬作序1500字，深情推荐。她说：“强烈推荐这本 《心的重建》！！”</p><p>★推荐四：本书第二作者为大卫·凯思乐，世界公认的悲伤情绪研究权威，是世界名人临终顶想伴其左右的疗愈专家。露易丝·海已邀请其临终陪伴左右。</p><p>★推荐五：内含20幅原创唯美插画，你要知道：世界和本书都不曾亏待你。</p><p>★推荐六：我们一生会遇到很多人，但每个人只会陪你走一段路，这段路无论长短，都是生命真挚的馈赠。</p><p>&nbsp;</p><p><span style=\"color: rgb(50, 50, 50); background-color: rgb(229, 229, 229);\">内容简介</span></p><p>我们每个人一生中都会遭遇各种各样的失去，失恋、离婚、亲人远离、爱人或亲人死亡、失业、失去朋友、爱宠去世……这些别离会给我们带来伤痛，让我们深陷悲伤与痛苦中。露易丝·海和大卫·凯思乐认为让我们痛苦的并非事件本身，而是我们面对痛苦的思想和回应方式。这本书分享了形形色色的生命故事，探索了在面对伤痛时我们应该如何疗愈破碎的心，更积极地实现自我疗愈。这本书将是我们遭遇丧失时*好的“伴侣”，它启发你面对生活的无可奈何，如何重获勇气，让你的世界重新爱意满满。</p><p><span style=\"color: rgb(50, 50, 50); background-color: rgb(229, 229, 229);\">作者简介</span></p><p><strong>露易丝·海</strong>是美国著名的心理治疗专家、杰出的心灵导师、著名作家和演讲家，全球畅销书《生命的重建》的作者。她帮助了千千万万人改变了健康状态，提升了生命质量。这位伟大的女性被世界各地的媒体亲切地称为“*接近圣人的人”。</p><p><strong>大卫·凯思乐</strong>是世界公认的研究悲伤与失落情绪的专家、奥普拉网的特约作者和美国在线的健康专家。所著《临终的需求》曾得到特蕾莎修女的褒扬。伊丽莎白·泰勒、杰米·李·柯蒂斯和玛丽安娜·威廉森等名人在亲友垂危时得到过他的帮助，他还在安东尼·博金斯与迈克尔·兰登临终时伴其度过。</p><p><span style=\"color: rgb(50, 50, 50); background-color: rgb(229, 229, 229);\">目 录</span></p><p>书写缘起/001</p><p>序言/002</p><p>前言/007</p><p>第一章·改变失去的观念</p><p>尊重爱/009</p><p>不同类型的失去/013</p><p>第二章·在爱情中摔倒和成长</p><p>迥然不同的爱情观/026</p><p>认识你自己/033</p><p>拨开云雾见月明/041</p><p>冷漠和依赖/049</p><p>揭开爱情给予的礼物/051</p><p>天真的想法/055</p><p>自爱/059</p><p><span style=\"color: rgb(80, 80, 80);\">显示全部信息</span></p><p><span style=\"color: rgb(50, 50, 50); background-color: rgb(229, 229, 229);\">前 言</span></p><p>大卫·凯思乐</p><p>我一生中大部分时间都在做伤痛疗愈工作，并有幸写了四本相关书籍，包括与传说中的伊丽莎白·库伯勒-罗斯（Elisabeth Kübler-Ross）合作撰写的两本。伊丽莎白·库伯勒-罗斯是著名的精神病学家，曾著传世之作《论死亡和濒临死亡》（On Death and Dying）译者注：作者认为临死之际的病人“常常被人回避，没有人对他们诚心诚意”。她主张坐在病人身边，倾听病人诉说他们的心里话。该书把死亡过程分成五个心理阶段:拒绝、愤怒、挣扎、沮丧、接受。其促进了人们对弥留之际的病人的关怀。。外出演讲时，我经常会被问道：“伤痛会导致离婚吗？”甚至参加宴会时，失恋的人会找到我并问道：“你能帮助我吗？我刚经历分手，听说你很懂伤痛方面的事情。”</p><p>这总是提醒我，我的工作范畴是处理恋情和婚姻的结束以及生命的终结。事实上，失去了就是失去了，伤痛了就是伤痛了，无论它是什么或者由什么引起的。我记不清听过多少人在分手或者离婚时苛责自己，我经常回想起我的朋友露易丝·海——国际畅销书《生命的重建》（You Can Heal Your Life）译者注：作者在书中倡导“整体健康”的观念，揭示了疾病背后隐藏的心理模式，从而开辟了重建生命整体的完美道路。的作者，她常说：</p><p><span style=\"color: rgb(80, 80, 80);\">显示全部信息</span></p><p><span style=\"color: rgb(50, 50, 50); background-color: rgb(229, 229, 229);\">免费在线读</span></p><p>作为身心治愈的先驱，露易丝·海首次提出躯体疾病、思维模式及情感问题之间的联系。等会儿我将要求她分享她的智慧、阅历以及对这个最具挑战的时代的见解。即使我已经独自写了四本关于这个主题的书籍，但我仍然还需继续保持不断的学习。说实在话，有谁能够自诩自己了解有关失去的一切呢？&nbsp;</p><p> 露易丝自己也已经写了很多书和沉思录，我非常期待她对这个话题的独特见解。在我按响露易丝公寓门铃没一会儿后，她打开门，给了我一个大大的拥抱，并邀请我进屋。在我正艳羡着周围的一切时，她带我参观了她的家。看着眼前的一切，我当即觉得，这个布满高雅的家具以及走遍世界偏远地区收集而来的大量纪念品的家与露易丝的身份气质非常搭。&nbsp;</p><p> 正当我沉醉于窗外迷人的景色时，她转身问我：“我们边吃午餐边谈好吗？街角就有一个不错的地方。”</p><p> 几分钟后，我和露易丝·海手挽手走在圣地亚哥街头。你们绝对想不到我们会在吃饭的时候讨论最痛苦的话题之一。当我们找个位置坐下时，我发现服务员们因为露易丝的到来而神态昂扬。“你会喜欢上这里的食物的。”她跟我保证到。</p><p> 点完餐后，我拿出我的录音器。“露易丝，”我说道，“我写了很多关于失去和伤痛的医学、心理以及情感书籍。写完每本书，我的心灵都倍受感动。有一天我在书店，突然想到了我们要写的这本书，意识到这将是一本罕见的深入探索分手、离婚、死亡以及其他失去的心灵方面的书籍。所以请你跟我说说你对这些心灵方面的真实看法吧。”&nbsp;</p><p> “思维创造经验，”她说道，“但这不意味着失去不会发生或者伤痛并不真实。”</p><p> “大卫，既然你说我们每次经历的伤痛都不同，那我们就探讨下这是为什么。”&nbsp;</p><p> 我跟露易丝说了我一位朋友的事，她的丈夫因为脑出血突然死亡。但露易丝没有问我有关我朋友失去的问题，这让我很是惊讶。取而代之的是：“跟我说说她是怎么想的吧。因为我们对失去的看法不同，所以我们每个人的感受都不同。因此，她的想法很关键。”&nbsp;</p><p> 我本想问：“我怎么知道她在想什么呢？”但很快我便捕捉到露易丝的意思了。我马上说：“哦，对了，她说的话、她的行为以及伤痛的方式都能反映出她的思想。”</p><p> 露易丝握着我的手，微笑着看着我，说道：“对！跟我说说她都说了些什么。”</p><p> “好。我记得她说过：‘我无法相信这是真的。’‘这是有史以来最糟糕的事了。’‘我不会再爱了。’”</p>','2018-01-13 20:53:41'),(8,'Java编程思想（第4版）','[美] Bruce Eckel','机械工业出版社','Thu Jun 07 2007 00:00:00 GMT+0800 (中国标准时间)',1,'<p><img src=\"data:image/jpeg;base64,/9j/4AAQSkZJRgABAQAAAQABAAD/2wBDAAYEBQYFBAYGBQYHBwYIChAKCgkJChQODwwQFxQYGBcUFhYaHSUfGhsjHBYWICwgIyYnKSopGR8tMC0oMCUoKSj/2wBDAQcHBwoIChMKChMoGhYaKCgoKCgoKCgoKCgoKCgoKCgoKCgoKCgoKCgoKCgoKCgoKCgoKCgoKCgoKCgoKCgoKCj/wAARCADKAWgDAREAAhEBAxEB/8QAHAAAAgIDAQEAAAAAAAAAAAAAAAECAwQGBwUI/8QAQRAAAQMCAwQGCAUDAwMFAAAAAQACAwQRBSExEkFxkQYTIlFhgQcUMqGxwdHwI0JScuEVM2IkQ4JjkqIlNDVTc//EABsBAQEAAwEBAQAAAAAAAAAAAAABAgMEBQYH/8QALxEBAAICAQMDBAEDAwUAAAAAAAECAxExBBIhMkFRBRMiYXEUI4FCkaFSsdHw8f/aAAwDAQACEQMRAD8A1hfpD5QckBvQHJAbkAgEAgOSAGiAQCAQG9AIA6IDkgEByQCAQehTYTUS2dIGwMO+TIngNVrtliOPLCckQ9KDD6SCxLDO/wDVJp/2j53Wub2n9Nc3tLOqZSMJkvsuZ1rGlh9kizsrLXEfmwrH5NaraURWlhO1A42BJzaf0n67101tvxPLorbfiXYfRZhH9O6ONqZG2nrT1pvqGaNHxPmvB+o5vuZe2OIer01O2m59247QLi242gLkb7Lg06GDjtCMRwiqpbdp7DseDhmPeFsxX7LxZhkr3VmHzziMJhq3tItfOy+oxW7qvJtGpY3etjFsjTtRQuyzjb8Aub3lzzzIQLkiFfLdoikfJUK/BAt27RFB13KospbGYNOjgW8wpbgnh5RyyyW1tRqRtUzXb43W8j/I96RyV5Ye5ZsxyQXj2W8FEHJBQqoQG9AIBAIBAIHv/hBG+WqBoGgSBoEgDogaBILIIZZ37EMb5HdzW3UmYjzJMxHL1KfBiLGrlDf8I+07noPetU5f+mGqcvw9Gnihph/pomxm3tnN3M/Ky1zM25a5mZ5TJJJJJuVERvmqHVH/ANKlH/VZ8CpX1wtfUr6N0D8UxmnogA6OZ1pQRlsDN1/L3q9RkjFjm/w6MWP7l4q7qxrIo2tYAyNgAA3ABfNTMzO3ucNFwHHvW+m1Q4uPq9UDDGP2+zzz5rvy4e3DEe8f+y5MeTeX+W+Lz3W4p6S8M9SxqZ7G2jkPWt4O15G69/6fl7qal5vUU7bNMGvn3L0XM2CmN6OmP/TA5ErntzLRbmUyVEK/3ZUK+SBEoFf7silfLyVATn59yIcTtmVjhuN/ek8LMMKqbsVMrRoHG2Xiso8xDOvCLBth8f6wQOOo94V48rPjy8/6LYzB+aC5vsN+iiH96IKeaqkgN5QNAkAgEHp4DglfjtX6vh8JeRYveTZjB3uP2VpzZ6Ya915bKY7ZJ1V1LA/RthdIxr8Te+un1LblkY8hmfMrxs31PJbxTxH/AC7adLWPV5bPD0eweFgZHhNEGjvgafiFxz1OWebz/u3xipHs8/FOhWA4gxwdQMp5DpJT/hkcsvctuPrc+P8A1b/lhbBjt7OWdMOhtZ0ed1zXGpoHGwmAsWnucN3HRe10vW1z+OLfDhzYJx+fZq30XY0GgSAOiKe9EJBseEEjCowCQHPeSO/MLnyetz5PUyVixJAHzQR3oCp/+Mm//RnzSPVC19TdvRVhfV01Ticre1Kepiv+ke0fM2HkvN+pZdzGOPby9boseom8vf6b4j/T8Clax1pqj8JngD7R5fFcfS4+++/aHRnv21/lyj1x2HuZVx/3IXBzB3kHJevWn3J7flwd3b5dxoqmOso4KmE3jmY2RvAi68K9Zpaaz7PUie6NtS9J2GirwiOpA7UJ2HH/ABd9DbmuzocnZfTn6mm67cVILXEOGYNivouXmvboTfD4PAOH/kfqtFvVLRb1St+9VECCJ+SKFUL71RUb5eSA3oFuRVeI/wDunO/W1rvcsqcLThjBxa4OGoN1kyY1U3YqJANL3HA5rKvDKOFR+aqrmewPNRJNBRyVUckBv3IDkgOSA5IPX6L4FUdIMVjo6fss9qWUi4jZ38e4LR1GeuCndLZjxzktqHanOwvofg8cELNhg9iNub5XbyfHvK+e/udVfun/AOPSma4a6hpOMdLcQqtoif1SnH5Yjbm7UrvxdLSvtuXJfPa36avJ0jkjk2op6l7/ANXWELtjptxqWn7k78Nh6O+keammZFirZJqUmxfe72ePiFzZvpsWjdOW7H1Ux4tw6mRTYjQ/knpahnFr2kLxvyx2+Jh3+LR+nC+mfR84Jik0cYJhBu39p0PyX0fS9R96sTPLy8uPstprnJdbSOSAOm5AckByQbHhmWFwaavPvXPf1S0X9UsjksWCPJAHyQR3jRFXR08lXA6ngG1LLLGxo8SbLGbRSe6fZaVm14iHaMMoo8Ow+npIR+HCwMHj3nzOa+eyXnJabz7voaVilYrDm3T3EfXsbdCx14aUdWPF35jzy8l6XS4+ym/lxZ7d1tfDUKqUbXVuaHsI7TTv+hXoYq+NuPJPnUOp+jGr67o2Kbb2/VZDG079g5tB8RcjyXkfUKduXu+Xo9Hk76a94bNiFKyuoailk9mZhZwvoea46W7LRaPZ0Wr3RMPnjGqZ1LXyNe2ztohw7nDIr6jBfuo8m8alk4ab0DNMnuHwS/qc1/UvJ4LFByVCvw0QI+SBX4IFu3aIpXz3IFyVEa7NsDss2W5FK+6192JyWbJVWZvY7LtMHuy+StWVVB8lkq2P2N2qiSlyQUqqXNAIHzQLd5IHzQdx6G4ZD0W6KGpqxszyM6+oO+59lnle3ElfOdVlnqc3bXiPEf8Al6eKsYse5aJjmKSV1TNW1jrdzdzRuaF34sUViKVcl7zady1CsqpKqS7rhgPZb3L0aUikeGiZ2xxpvWaBB1z0PYq+ow6qw2VxJpnCSK+5jtR5H4rw/qmLttGSPd6HSX3E1+GX6TqNklPSVBbe5dC7gRcfNauhvqZj/K9VXepcblYYpXsOrXWX0ETuNvPlBVAdED5oFuQbHh2WG03Bx/8AIrmv6pc9/VK7moxK/FAXRUeaDc/RvQ9dWT1cjbsgsGE/rP0HxXn9fk7axSPd3dDi7r98+zdcerxheE1FUbbTG2YO9xyHvXm4qfcvFXp5LdlZlxiR57Ukhuc3OJ3le1Eb8Q82Z15eU9xc4uN7k3XdEajTmnz5bd6MMQ9U6RerONo6thZb/IZt+Y81wfUcfdi7vh1dHftvr5deXhPUch9KmGdRirqhgsyYCYW79HfI+a9v6dl3Xt/w8/qaattqmFm9G8d0nxC9C/Lz78so+axYFfjqio3y3oA+aBXRSvl5KhXQK6BVOdI059l9uY/hI5WvLDWxkjU5wxnuu35/VK8rXljc1kyWReyeKkpKfNBQqo+9UCuNoi4uLb0U0QfeqD3OhOHDFOlOH0zxePrOskH+Le0fgubq8n2sNrQ24a914h0/0k1rmw0tE026wmV48BkPffkvG6KnN3Z1NuKuU45Pd7YAcmjadxXtYK+O5w2n2eVv/ldDAmkFoIII4opoje/Q65w6T1DRo6ldfyc1eb9Uj+zH8urpPW3v0i2/oUd9evbbkV5nReuf4dPU+mHFcWAbXyeNj7l9Bh9EPOtyw/vVbWJOIAuSAOKKf3qiBFbHQ5YdS/tO/wDycua3qlzX9Urb/d1EL71QI/eaCNwXBv5jewvqqunZejGHf0vBKancLSkbcn7jmeWnkvn+oy/dyTb2e70+P7eOKtT9JOI7dTBh8buzGOtk/cdBy+K6ujx6ib/LT1N9z2tArn2YGDU5ngvTw13O3Fkn2YX3quhpW0dS+jq4amI/iQvEjc94N1LVi9ZrPuyraazEw+g6SoZV0sNREbxysD28CLr5a1ZrM1n2e5We6Nw1z0h4eKzAXSht30ztv/icnfI+S6ejydmTXy09RXurv4cew9pjFTG7Vrm7+K9+071Lx8keWQfvNRgV/u6BX+7qqR+80CJ7/igbGlzQRaxF7kqTJwsDWg6XPiU3KbKWx2RkOzqpBCp4vTTNIzGy7XxWXvCxywfvVbGYkzpn+BB18kjlY5YhIGpAztqsmayPQ/VSUlP71RFPLkqoy8OSBBrQ4kAXNrmyKfLkiDlp3IN79DsTXdJamQgXjpnW83NC836pOsUR+3V0kfnt7HpCeXdIdk6NhYB53K5ekj+2z6j1uZ17tusnJ/VZezjjVYcc8qMvDks0JrQ1tgABwRTy8OSI6T6F6MmrxKuI7LWNgafEnaPwC8n6rf8AGtP8u3pK+Zs2L0lVAFJRU4ObnukI8ALfNcfRV8zZs6mfEQ5Bizg6vk8LD3L3cMapDgtyw+XJbWJOaHNsQCOCKeXhyRBl4ckGxUlhQUoy/t93+RXNb1S57eqVmXhyUQiR4clQsvDkivd6E4Y3EekEDpGB0VMOteSO45Dn8Fy9Xl+3inXM+HT0mPvyfqPLq9VUR01NLPMbRxtL3HwC8StZtMVh7Np1G5cWxCrfXVs9VMe3K8vPh4L261isRWHmWmZncvEqH9ZK527cu2le2NOa07lWfvJZIWXhyRHX/RhiPrfRwU7jeSkeY/8Aic2/MeS8L6hj7cvd8vV6S/dTXw2ueNk8EkMovHI0scPAiy4YmazuHTMbjUuGYjRPoMTrIZB2mdh3iWutfkV9HhvF6Rp4ueupYnLktrSOXJURytu5ILBHvcQPABTZtKzRoB5i6iIgBrQAAAB3KgJ4ckEZbdnT2e5IUMAe2RhtcsIBSfA861jmPctrYYF2SNyzYd3n8kGG5rXWuAc75hZM1kdrnTTuUlJS5ckRWqpc0Bv3oHzQLnog3j0RTiPpNNG7/dpnAcQQfhded9TrvFE/EurpJ1fTYvSLTlmI01SB2JI9gnxafoVx9HbdZr8NnURq0S5bXtLKyYZ+1de1jndYcU8qN+9ZoQ03oJRsfLI2ONrnvcQ1rRqSdApM6jcrHnh33ofg/wDQsBp6N1jOfxJiN7zryyHkvmeqzfeyTb29nq4qfbrENH6X4gMQxuVzHAxRfhMO421PO67+nx9lIhx5r7tM+zU3YS2RlRNLVWkHb7LLtGel9V6MZNaiIcE5fPDy6illgALxdh0e03afNbYtEtkWiVB03rJT5oFzQbFT5UdNr/bb81z25lz25lK/FQK+W/RAieKDqPQHD/UsEbM9tpqo9Yb6hv5R8/NeN1uTvyajiHr9Hj7Me55lj+kTEupw6OhjPbqDtP8A2D6n4J0ePdpt8M+ovqO1zSqk2IjbV2S9XHXdnDedQ87mupoF+KA5oNu9GGI+q9IDTPNo6uMs/wCQzHzHmuD6hi7sXd8OrpL9t9fLre0vDem516RqIQ4lHVhv4dSzZdb9Tf4svU6HJ+Pb8PP6ynvDSJGlhscwcwe9epE7efHlDmikTlv0QXuOe/csWKJPFURvlv0RRfigjIfZ10VggQm0reNkngnhiOHaIOoNlnDOEIzaRoN7aFJ4JYpBBsb5GyzZpR+1v0Kkkp80RSqoQG/cgEAg9Lo3iX9JxyjrfyxSDbA3tOTvcVqz4/u45p8s8d+y0WdwxughxrCjE17e0BJDIMxfceBC+cxXnFfcvTvWL10430kwyemqHddEWTR5Pae7cR3he70+WJjxPh516zE+Xg8l1tScEUk8rIoWOklfk1jBck+AUmYiNysRM+IdX6BdDv6W9uI4o1prbfhRaiLxP+XwXi9Z1n3P7ePj/u7sGDt/K3L2+l+NjDqIwQO/1cws235G73fRc3TYe+254hszZO2NRy5m525etSPd5ea3+kSG1BVnLRo5lbI9UOeOYY+DUNXiNa2moG3kcO1c9kDvd4K5clcde67fTHOSe2FeMYNLRTmKtp3Uc24gXjd4j+OSuLNF43Wdrat8c6tDyJ6eSGxe0bJOTgbtPmt8WieCJieFKqtghNqan0/tN+C555lonmTvwRCvwQZ2B0JxPFaelHsvdd57mjM+5as2T7dJs24sf3LxV2Ruyxga0BrGiwHcF4E+XucOS9JMROJ4xUTg3jB2I/2jT6+a9fFj+3SKvPyW7rTLXKuQPlsNG5Ltx11G3Nedyx927RbGA5Kgugto6h9JVw1MRtJC8SN4g3WNqxeJrPuyrM1mJh32mqWVNNFPEbxysD28CLr5m1ZrM1n2ezE7jcPH6ZUfr2Az2F5Ifxm+Wvuut3TW7ckftrzV7qOS1HsN8CfkvdpO3jTGrTCi/BZBXy8lRe45nRYojyQLcgCeCojIcm8EhYQBsb9yorqcqh+mbrq14WvCk5gaXGirJTUC0z+N1lHDKOEWe0PNUTURUqoRRvRAgPoitg6G9H349iezJtCihIdM8bxuaPE/BcvVdRGCnjmeG3Dj+5b9Oxz1tHhrKeGWSOBjrRxt0AsNPALwYpfJuY8vQm1aaiUq6jpa+IMq4WTN3E6jgUpe1J/GdLatbctef0EwF8u2YJhnfZExAXVHX5ojW/8Ahp/psb2sKwjDsKaRh9JFC4ixcBdx4uOa58mbJl9c7ba0rT0wwse6S0+HMdFAWz1egaDdrf3H5LPF01r+Z8QwyZor4jlzusqpaqofNUPMkrzcuK9SmOIjUcPOyZf92MStzlnyy6KhqMSY+lpGbUkj2gk6NAzufBa75K4/ysyx0m94rV0ro9g9PglEIIO1I7OWUjN5+ncF4+fNbNbcvaxYoxxqGbW01PWwOhq4mSxn8rhpw7lrra1J3WWdqxaNS0LHehk1NtzYQ4yxHN0Lszy0cvTw9bFvGRw5ek96NHqKVm2WuaaeUZEEHZv8QvRrf48uPzXxL0DG6OKEOGQjaLjMHLvWG9zLVvco3QRuqrffR1QbEE+ISDtSHq47/pGp5/BeX1+TcxSHo9Fj1E3l7HTDEvUcFlDHWmn/AAmeF9Ty+K5umx919z7OnNbtr/Ll0jtiNzgNBderWNzpwWnUPLJzz7+5djQV0BdAIFdVXWPRxiPrXR8QON30rzH/AMTm34keS8Pr8fbl7vl6XS33TXw2kkEEOFwciO9cTocd6Q0hoK+em3RyHZ8WnT3L3unv3xt5OenbZ5N10NBXQXE5lYoRKqlfLyQIn7sgTzk3grAruqukao9tp72hKlVG5ZMkajNzTvIH0VhYVt9oKqkoK1QIo70QIJws6yVke21m0Q3acbBtzqfBSZ1G1iNy7dhdLR9HMEEbXAQxN25JN73HU+e7yXzuS9uoybnmXpViMVXP8exZ9dUyVdQbMGTGX9lu4L0sOLtiK1cd7zady8rD+lWL0Dz6tVHqt0TwHsHAHTyXRfpMV4/KGNc168S9lnpFxQCz6ekJ7w0j5rRP07H7TLZ/U3USdLsRxSZkEkj42P1EZDR7syrHR0xxuGGTqLTHlil5IWyKxDltktKN1k1r6CkmrqplPTMLpHcgO8+CxveKR3WZ0pN57aul4LhsGDURYxwLz2pZXZXPyAXj5sts1tvXxYq4q6hqPSjpG6ueaaie5tK05vBsZCPkuvBg7Pyty05cvd4jhPB+mT6QNhxTali0Eoze3j3j3pfpO/zTwleo7fFm8UlXDVwNnppWSxO0c03C4LUmk6tGnXW0WjcPOxvAqLF2Hr2Bk1spWDPz71txZ74p8cNeTFW/LSMWweswr+43bp8gJG5tPHuXo4s9cn8vNy9NanmOHlOYx3s9g+7+F0RMudCGnlmqIoGNO3K4Nb3ElJtERMz7M6x3TqHXqGBlFRw00XsRMDR4+K8K9pvabT7vapWKVisNB6a4h63i5hYbxUw2B+78x+Xku/p6dtN/LlzW7raa7Ibw1A7o7+8Lsxx5iXHknzEPM3roYluVAihAlEbX6OK/1XHXU7jZlUzZzP5hmPmuLrsfdj7vh09LfV9fLqO0vG09Fo/pForvgrGD2x1T+IzHuvyXodFfX4uTqab8tDuvVeeV0Vc49o8VixRuqFfLyQK6BP0bwKqwhdFKfNjDxCsEKFVKXNjT3GysLCAzI70U0FSqhAIBAckHtu6R1kmG01DORJDB7Jvme6/fbQLm/pqd03jmWyckzEVl5tZVOqXDLZaNBfettKRRhM7Yy2IaDLwkf6wH9LHH3H6rDJwwvw9QlampdR00tZUsgp2bcjjkO7xPgsb2ikbsypSbzqHRsEwyDCKQhpBlIvLKcr/QBeTmyzls9XDijFDV+k/SA1xdS0jiKUHtO/8As/j4rpw4Oz8rctWXL3eI4axLKI2567guutZtLntbTBe4vJLjcroiIjxDTvbNwnFqvCp+so5dm57TDm13ELDLipljVoZ0yWpO6ui4B0ppMVDYnkU9Wf8AbccnftO/hqvJzdLbF5jzDvx5638cS95xDmlrgCDkQRquaG9rGM9F4Z9qXDyIZNTGfZPDuXZi6qa+L+XLl6at/NWJ0RwueHE5pauJ0fUCzWuGrjv5fFZ9Tmi1Iivu1dNgmt+63s2fFq8UGHT1B9pjeyO9x09648dO+0Q7b27a7cse8uLnPJJJuSd5XqxHs4Jn3UB146jxjPxC361pyzO52weS2syQCBclBINJ7hxQX0cppKqKojP4kTw9vEZrG1e6JrPuRaazuHaaeoZUQRzRm7JGh44EXXz9qzWdS9eJ3G2F0gpfXsIqIQLv2dtn7hmFnht23iWOSO6sw5JMA2Q9xzC9yk7h5do1KsHTRZMVpOZ0URG/BAr5blQX4IE85N03oQgSqofnFwcnuRyp5LJkTs4zpkQVBWslSKiK1WRc0CDu0RY5WQS5oEgaA5oEgfNBmYObvldYi0ZGfiQteTiGGR61LBLVVDIYGF8jzYBarWisblhWs2nUOg4JhsOE0pzDpnC8kpy8vABeVmyzln9PUw4oxR+2t9JcfNaXUtI4imGTnD/c/j4row4Oz8rcteTJ3eI4a1LJ1bb6k6LqrXulz2tphOcXG5JJXTEa8Q1TO0Hu2W3sTpoEIhK/FEK58UG7YR0nmpS2Gt2poQAA/wDO3L3rz8vSxbzTxLfi6qa+LeYbhS1cNVCJaeRskZ3grz7Ums6l31vFo3C7bU0y20/pxX7csNGw5M/EfbvOg5fFdnTU1Hc5s9tzpqbn7LgLXvfdku2ke7kyT40RDeqmLbjsaLZ7w0POvxW1sF+KBX4oLGGzb77ncpId8t6iItdcuycLHeFVdK6DV3rGCNhcbvp3Fmfccx9+C8jrMfbk38u/prbpr4bFtrl06HMOk9GKTFJ2AHY2ttv7TmvX6a/dWHnZ66l41sxa9l0tCROe9E0iTbvRSa67QbEXG9A78UEXHIa70gRvxVU73a8Z6XQU81kpOdYEWcb5ZBRdK78VkJE5b1BBVQgSCTGOe7ZY0ud3AXUmdcpvTKZh8p/uFkY/yNzyCxm8ezGbwyGUUDPbL5Dx2R9VjN5YzeVtUyCOGENgi7W0Tke/LPVSszMz5SszPuwnQwu0L4z/ANw+qz3LPcqzSv8A9ssk/a7PkVe6Pde6GbgtNNLLJFHG4yv2Whtrb7/JYZbREbnhJibTEQ6NgmGxYXTkkh0zh+JIfgPBeTmyzln9PQxYoxx+3gdI8dNWXU1K4inHtOH+5/C34cPb+U8teTJ3eI4a8XWXTFdtFrdqqtPYgHgT71tpGttETuZmWKtjIiUQKAVV6Tz2itUNa6hr6ihm6ymkLDvGodxCxvjreNWhnS80ndW4Yb0lpqmI+skQTNaSQTk63cfkvPydLas/j5h3Y+oraPPiWnVlS+qqpZ5D2pHF3DwXXWvbGoaZnc7liuNyt9Y1DntO52d/w5f2K+8MXn3WxmV0BdFWD2QogQF0RsXQet9XxgwOPYqGbP8AyGY+a5Orp3U7vh0dNbVtfLoO2vL07msdNqXrIIakDNp6t3A5j3/FdfS21OmjPXcbaMLh1jqvTcCRN0CQRvl5IESgTtAqpIBh7Vu+4QVXWTI2jtDioistINlVPd5IIKqSAQejhnZhld3uDfiVrvy13ZN1gwF0Fdee1C3ujHvzVp7sqsW6zVKNjpZGRsF3OcGgeJUmdRtYjfh0TAsNZhVLZ7tudwu95OQ8B3BeXmyzlnxw78WOMcft4vSDGzVbVNSuIgGTnD8/8Lbiw9vmeWvJk7vEcPCAJ3gcV0RG2i1u1BzXjMjLvW2NNG9qq12cQ7mD4lWvutWNdZsgSgL8EBdBnvPaPFa2CN0CJQF/FNQsTMFdUMHsSfsKIwLrNsCAQWDQKILqhb0FkE7qaqimZ7cbg4eSxtWLRMStZ1O3VYZ2zQslYbse0OHArxZrqdS9KJ35VYjCKuimgP52kDju96ypPbaJS0d0acynaWTZix38V61J3Dz7x5QusmBXQK+WaqhBFxyCCN1RJltocUEXZEhFIlBGT2yrBA3IqtFCASR6NH2aVvi4n5LXblqtytuogugqrTepcBoAB7la8LXhQslAcWuBabEG4PiitkxPG5K6ljjhBZG5o6w73HeOC46YOydy6LZot4eQFtirVN4iDus9NM+QHEaEhXQjVEGQBzQ7sjileCGOWMOhc3jmstyyRMTvy2dwKuzas3BsQQVVIahBnPPadxWuGCN1VF0CJQK6CTblr7X9kpIw9k2zWbIiCO9FJBZfiohXVAgTjmUVvXRKr67CGRuN3Qks8tQvN6mmr7+XZhtuuvh7e2ufTa0fpNTdTiEjmizX/iDz1967+ntuHJmrqXjFdTQSBXyQF0CccggiqphAP9opBCKoT9QkLBDRBWihUCD0ouzBEP8AG/PNap5ap5Sumg29pwHeQoMeodtTyO73FZ14WOFd1VCDMhNoWcCfesJ5Yzyd1EF0CuqukKg/inwskcEK7rJSJUU9s6GxHcc00iLwLsIAF+7irCwvce0eKxYo3VUXQK6CQsAMhdQSDsnftKSjEJyCzZI3RRrrZBI6ohIpb0COpVHu9Eqrqa0xE9mUEeYzHzXL1NN138NuG2rabhtrh063j9JoRLRtlGbozY8D9hbsE6nTVljcbac7IkHcvQjy5NaK6IV1QIA6BFRQMISTt3BAlVJ3zQggioKgQCD0ibdnuAHuWpqK6KnCfxW8bpPCMMm5J71mzCAQZbTZjB/iFgwBKAugV0EJjeV3FWOFhC6qkSgLoETnH970FpOZUQroC6BXugmTmgYOvAqDFO5ZsiRQNUQ0BdUF1AlRdSyuhkZKw9pjg4LG0d0akidTtvkczZGNe03a4XC8ya6nTuidlMGzQvjd7L2lpSPE7J8xpo1UwxylrsiDY8QvRpO4cdo8qFmxCAQB01QRVU9yBHRAt6BHQoEFVRQCCUY2pGjvIUlJZxN3E+KwYI3QSY620e5pQYyyZFdAIMsnd4LBiV0BdUIHMIISH8R3FWFhC6oCgLoAntR/e9RUyUQXQK6ABzCCROagAczwRFB1WTIlVAOaB3RBdQAOaCKqps0Kko2nAanrKBrCe1Gdny3LjzV1bbpxTuuno7a06bGuY/Ds1JeBlINrzGq6sM+GjJHl466Gk75IBAnFBFVTugDogigSKAgggFRZT368aWGaxnhJ4ZN+CxYldUO9o5OFlBRdZsggBmRpqojIuc72usUK6AvwQNp7QQVON3HiqpXVCcTbK10DvwQF+2xBK6iC/BAX4KqAc1JASbjSyIbTmgpJzWTIkDCBoEgBe5vZAIG06qD08Cn6urLCcpBbzC05q7rtnjnUvf21zab9sLFmdbSFw1Ydry3rPH4ljfzDW3ixIyXZHmHOiL2F7XVDGqBFAkDugSCJvusindAkCQCCyD2nHwUlJXXUYldAOP4Z4hI5VVdZKLoJM9tvFSUWXUQXQF0A05hBC6qldAXQF0UX7bURK6BXQF0ACoHdUNp7QUFN1kougAUAgEBdAXRQ0oiyOQxyMe3VpupMbjRE68tnbKHNDm6EXC45h07BcHNIOYORQa3UsMcpafymy6qTtotClZsQgR0RSQCACAQJAIEgEFkWjvJSUlO6ILoB57A4pArVUIJM9oKSJ3UQKhXQNpzQVqqFAIBUH5goHdAXQF0DCILooBzRFaqhFMIgQJAIoQA1RD3IPYwybapg06syXPkrqW2k+GXtrDTN5uJs7Yf+oW81txy12h5y3MAgR0QJA0AgSAQJAIBBYzJvmpKHdAXQDz7PBIEFQIJM1UEroC6BXQMH4IIKgQF0BdAfmCBoBAIC6gLoAFBBVQgaAQCBIBADVA0RlYdJsTFp0cPesMkbhnWfL0ttaWaqq/EhI3jMLKviUnh5LtVvhrJAkAgEAgSAQCBKgQWD2QohoBAnHNBFFCCTd6IaAQCAvkUEboBAIBFH5kQIC6Augd0BdAIIooQCAQCAQJAIGgbXFrg4ajNBY6plP57cFj2wu5QL3O9pzjxKuoRFUCBIBAIBAIBUCgSAQTRBdAIE45oougLoGEAiC6AugL5IpIBAIBAb0AgEAgaBIGgigEAgEAgEAgEAgEAgEAgEAgEAgEAgSoEAoBBNAkDGqCJ1VAgEDCgEAgEBuQJAIBAIHvQCBIGgEAgCgW9AIBAKgQCgEAgFQKAQCAVAoBAt6BlAkAgEAg//2Q==\"></p><p><span style=\"color: rgb(50, 50, 50); background-color: rgb(229, 229, 229);\">内容简介</span></p><p>《计算机科学丛书：Java编程思想（第4版）》赢得了全球程序员的广泛赞誉，即使是晦涩的概念，在BruceEckel的文字亲和力和小而直接的编程示例面前也会化解于无形。从Java的基础语法到高级特性（深入的面向对象概念、多线程、自动项目构建、单元测试和调试等），本书都能逐步指导你轻松掌握。</p><p> 从《计算机科学丛书：Java编程思想（第4版）》获得的各项大奖以及来自世界各地的读者评论中，不难看出这是一本经典之作。本书的作者拥有多年教学经验，对C、C 以及Java语言都有独到、深入的见解，以通俗易懂及小而直接的示例解释了一个个晦涩抽象的概念。本书共22章，包括操作符、控制执行流程、访问权限控制、复用类、多态、接口、通过异常处理错误、字符串、泛型、数组、容器深入研究、JavaI/O系统、枚举类型、并发以及图形化用户界面等内容。这些丰富的内容，包含了Java语言基础语法以及高级特性，适合各个层次的Java程序员阅读，同时也是高等院校讲授面向对象程序设计语言以及Java语言的好教材和参考书。</p><p> 《计算机科学丛书：Java编程思想（第4版）》特点：</p><p> 适合初学者与专业人员的经典的面向对象叙述方式，为更新的JavaSE5/6增加了新的示例和章节。</p><p> 测验框架显示程序输出。</p><p><span style=\"color: rgb(80, 80, 80);\">显示全部信息</span></p><p><span style=\"color: rgb(50, 50, 50); background-color: rgb(229, 229, 229);\">作者简介</span></p><p><strong>Bruce Eckel，</strong>是MindView公司的总裁，该公司向客户提供软件咨询和培训。他是C 标准委员会拥有表决权的成员之一，拥有应用物理学学士和计算机工程硕士学位。除本书外，他还是《C 编程思想》的作者，并与人合著了《C 编程思想第2卷》。</p><p><span style=\"color: rgb(50, 50, 50); background-color: rgb(229, 229, 229);\">目 录</span></p><p>读者评论</p><p>前言</p><p>简介</p><p>第1章 对象导论</p><p>1.1 抽象过程</p><p>1.2 每个对象都有一个接口</p><p>1.3 每个对象都提供服务</p><p>1.4 被隐藏的具体实现</p><p>1.5 复用具体实现</p><p>1.6 继承</p><p>1.6.1 “是一个”（is-a）与“像是一个”（is-like-a）关系</p><p>1.7 伴随多态的可互换对象</p><p>1.8 单根继承结构</p><p>1.9 容器</p><p><span style=\"color: rgb(80, 80, 80);\">显示全部信息</span></p><p><span style=\"color: rgb(50, 50, 50); background-color: rgb(229, 229, 229);\">前 言</span></p><p>时隔两年多，《Java编程思想（第4版）》的中文版又要和广大Java程序员和爱好者们见面了。这是Java语言本身不断发展和完善的必然要求，也是本书作者BruceEckel孜孜不倦的创作激情和灵感所结出的硕果。</p><p> 《Java编程思想（第4版）》以Java最新的版本JDK5.0为基础，在第3版的基础上，添加了最新的语言特性，并且对第3版的结构进行了调整，使得所有章节的安排更加遵照循序渐进的特点，同时每一章的内容在分量上也都更加均衡，这使读者能够更加容易地阅读本书并充分了解每章所讲述的内容。在这里我们再次向BruceEckel致敬，他不但向我们展示了什么样的书籍才是经典书籍，而且还展示了经典书籍怎样才能精益求精，长盛不衰。</p><p> Java已经成为了编程语言的骄子。我们可以看到，越来越多的大学在教授数据结构、程序设计和算法分析等课程时，选择以Java语言为载体。这说明Java语言已经是人们构建软件系统时主要使用的一种编程语言。但是，掌握好Java语言并不是一件可以轻松完成的任务，如何真正掌握Java语言，从而编写出健壮的、高效的以及灵活的程序是Java程序员们面临的重大挑战。</p>','2018-01-13 20:55:28'),(9,'舍得，舍不得：带着《金刚经》旅行（蒋勋畅销新作）','蒋勋 著，博集天卷 出品','湖南美术出版社','Wed Oct 07 2015 00:00:00 GMT+0800 (中国标准时间)',2,'<p>蒋勋老师全新散文，台湾诚品、金石堂在榜畅销长达一年，继《孤独六讲》之后再讲人生，以金刚经和佛学智慧解读生命、自然、文学、艺术。不管是走到京都、清迈、巴黎、花莲，还是读到苏东坡的诗句，赏到邹复雷的梅花、杨维祯的书法，都让作者怀历史之思，慨生命之叹，感受自然之美，思考生命的无由因果与甚深缘份。</p><p> 书中收录蒋勋老师书法、摄影、画作，超值赠送蒋勋念诵《金刚经》CD。《金刚经》是蒋勋老师为朋友祈福而读诵，也为父母手抄，深具祝福意味。</p><p><strong>相关推荐：</strong></p><p><strong>&nbsp;</strong><a href=\"http://product.dangdang.com/Product.aspx?product_id=23713336\" target=\"_blank\" style=\"color: rgb(51, 127, 229);\"><strong>写给大家的西方美术史：蒋勋荣获金鼎奖经典之作（当当独家定制版）</strong></a></p><p><a href=\"http://product.dangdang.com/Product.aspx?product_id=23581915\" target=\"_blank\" style=\"color: rgb(51, 127, 229);\"><strong>蒋勋的“大美”套装（全二册）：*赠畅销书一本</strong></a></p><p><a href=\"http://product.dangdang.com/23506774.html\" target=\"_blank\" style=\"color: rgb(51, 127, 229);\"><strong>吴哥之美&nbsp;：台湾美学大师蒋勋14次游历吴哥，写就关于吴哥优美的文字，台湾畅销百万册</strong></a></p><p><a href=\"http://product.dangdang.com/23547957.html\" target=\"_blank\" style=\"color: rgb(51, 127, 229);\"><strong>美的沉思</strong></a><a href=\"http://product.dangdang.com/23547957.html\" target=\"_blank\" style=\"color: rgb(26, 102, 179);\"><strong>&nbsp;</strong></a><a href=\"http://product.dangdang.com/23547957.html\" target=\"_blank\" style=\"color: rgb(51, 127, 229);\"><strong>：全新修订彩色珍藏版，席慕蓉、王跃文、阎真倾情推荐！随书附赠敦煌彩塑菩萨藏书票。</strong></a></p><p><a href=\"http://product.dangdang.com/Product.aspx?product_id=23802213\" target=\"_blank\" style=\"color: rgb(51, 127, 229);\"><strong>舍得，舍不得：带着《金刚经》旅行（套装）</strong></a></p><p><a href=\"http://product.dangdang.com/23547957.html\" target=\"_blank\" style=\"color: rgb(51, 127, 229);\"><strong>&nbsp;</strong></a><strong style=\"color: rgb(51, 127, 229);\">&nbsp;</strong></p><p>&nbsp;</p><p>&nbsp;</p><p>&nbsp;</p><p><span style=\"color: rgb(50, 50, 50); background-color: rgb(229, 229, 229);\">内容简介</span></p><p>京都永观堂、清迈无梦寺、加拿大奈恩瀑布……蒋勋带着《金刚经》，读经、抄经，旅行十方，在心的寺院里一殿一殿地拜去，在洪荒自然里看见生命的不同修行，在文学艺术里照见生命的不同可能，与一切有情众生，领会人生中的舍得与难舍……</p><p><span style=\"color: rgb(50, 50, 50); background-color: rgb(229, 229, 229);\">作者简介</span></p><p>蒋勋，福建长乐人，1947年生于西安，成长于台湾。台北“中国文化大学”史学系、艺术研究所毕业。1972年负笈法国巴黎大学艺术研究所，1976年返台后，曾任《雄狮》美术月刊主编、东海大学美术系系主任、《联合文学》社社长。</p><p> 蒋勋先生文笔清丽流畅，说理明白无碍，兼具感性与理性之美，有小说、散文、艺术史、美学论述作品数十种，并多次举办画展，深获各界好评。</p><p> 著有《美的沉思》《写给大家的西方美术史》《吴哥之美》《蒋勋说红楼梦》《孤独六讲》《生活十讲》《汉字书法之美》《蒋勋说唐诗》《蒋勋说宋词》等书。</p><p><br></p><p><span style=\"color: rgb(50, 50, 50); background-color: rgb(229, 229, 229);\">目 录</span></p><p>卷一 回头</p><p> 回头</p><p> 灭烛，怜光满</p><p> 星垂平野阔</p><p> 画眉深浅——一首诗的两种读法</p><p> 天涯何处——东坡词的生命意境</p><p> 多情应笑我</p><p> 卷二 肉眼</p><p> 肉眼</p><p> 春消息</p><p> 美学的失智</p><p> 痴绝——非美学的出走</p><p> 贪看白鹭横秋浦</p><p> 爆破西湖</p><p><span style=\"color: rgb(80, 80, 80);\">显示全部信息</span></p><p><span style=\"color: rgb(50, 50, 50); background-color: rgb(229, 229, 229);\">前 言</span></p><p>我有两方印，印石很普通，是黄褐色寿山石。两方都是长方形，一样大小，零点八厘米宽，二点四厘米长。一方上刻“舍得”，一方刻“舍不得”。“舍得”两字凸起，阳朱文。“舍不得”三个字凹下，阴文。</p><p> 两方印一组，一朱文，一白文。</p><p> 当初这样设计，大概是因为有许多舍不得吧——许多东西舍不得，许多地方舍不得，许多时间舍不得，许多人舍不得。</p><p> 有时候也厌烦自己这么多舍不得，过了中年，读一读佛经，知道一切难舍，最终还是都要舍得；即使多么舍不得，还是留不住，也一定要舍得。</p><p> 刻印的时候在大学任教，美术系大一开一门课教篆刻。篆刻有许多作业，学生临摹印谱，学习古篆字，学习刀法，也就会借此机会练习，替我刻一些闲章。询问我说：想刻什么样的印？</p><p> 我对文人雅士模式化的老旧篆刻兴趣不大，要看宁可看上古秦汉肖形印，天真浑朴，有民间百姓的拙趣。</p><p><span style=\"color: rgb(80, 80, 80);\">显示全部信息</span></p><p><span style=\"color: rgb(50, 50, 50); background-color: rgb(229, 229, 229);\">免费在线读</span></p><p>回 头</p><p> 生命如果不是从一点点小小的欢喜赞叹开始，大概最后总要堕入什么都看不顺眼的无明痛苦之中吧。</p><p><br></p><p> 时光</p><p><br></p><p> 秋天赏枫的季节，好几次在京都。几星期，一个月，好像忘了时间。好像春天才刚来过，同样的山，同样的道路，同样的寺院，同样的水声，同样的废弃铁道，同样的水波上的浮沫，同样的一座一座走过的桥，桥栏上的青苔，回首看去，那桥栏，不是刚才还铺满落花吗？然而只是一回头，落花都已一无踪迹，已经是满山的红叶了。水渠清流里也都是重重叠叠的红枫落叶，随波光云影逝去。每一次回头因此都踟蹰犹疑，害怕一回头一切繁华都已逝去。</p><p> 已经是秋深了吗？</p><p> 一个地方去的次数多了，常常不知道为什么还要再去。一去再去，像是解脱不开的一世一世的轮回转世吗？</p><p> “无明所系，爱缘不断，又复受身。”常常说给朋友听的源自《阿含经》的句子，或许是提醒自己于此肉身始终没有彻底了悟吧。</p><p> 为什么还要有这一世的肉身？为什么肉身还要一次一次再重来这世间？为什么还要一次一次再与这么多好像已经认识过的肉身相见？</p><p> “爱缘不断”吗？总是切不断的牵挂爱恨，像一次一次地回头。回头时看到漫天花瓣如雪花飞舞；回头时，水渠里满满都是飘落的樱花；回头时，樱花落在风中、水中、尘泥中，化乌有而去。残枫红艳如血，触目惊心，也只是肉身又来了一次吧。不堪回首，仿佛回首时，只剩斑驳漫漶、沉沉墨色里一方令人心中一惊的朱红印记，还如此鲜明。</p><p> 一个地方，来的次数多了，来的时候好像没有特意想看什么，不想做什么，不想赶景点行程，随意信步走走。有时候就在寺町通一家叫Smart的咖啡店坐一下午，白头发的老板慢悠悠地煮着一杯咖啡。</p><p> 我来过，在这个角落坐过，看着一个青鬓白皙的青年这样慢条斯理地调理咖啡，留声机还是那一首歌。</p><p> 可以这样坐着，把时光坐到老去吗？</p><p><span style=\"color: rgb(80, 80, 80);\">显示全部信息</span></p><p><span style=\"color: rgb(50, 50, 50); background-color: rgb(229, 229, 229);\">书摘插画</span></p><p><img src=\"http://img32.ddimg.cn/imgother/201510/27_0/2015102709552252.jpg\" alt=\"插图\"></p>','2018-01-13 20:57:38'),(10,'偶遇(鲁豫时隔15年全新作品集)','陈鲁豫,李文俊','北京十月文艺出版社','Fri Dec 01 2017 00:00:00 GMT+0800 (中国标准时间)',0,'<p>这本书，从多个层面展示了这个时代的爱、忧伤与困惑，鲁豫拼尽她47岁的人生经验与智慧，回应这个时代。这是继鲁豫自传体随笔《心相约》15年后，自己、拥抱世界的zui新作品。在七百多个日夜，她用心倾听来自全国各地的心声，用自己微薄的力量，慰藉天涯一隅他人的孤独。 她说：“其实，哪有什么解决方案，谁的人生不是一堆麻烦？所有麻烦、痛苦，除了死等时间给出答案，哪有其他的办法呢？那些来信不过是絮絮叨叨地说，我的回信也不过是絮絮叨叨的陪伴，相互取暖而已。”</p><p>这本书，从多个层面展示了这个时代的爱、忧伤与困惑，鲁豫拼尽她47岁的人生经验与智慧，回应这个时代。这是继鲁豫自传体随笔《心相约》15年后，自己、拥抱世界的zui新作品。在七百多个日夜，她用心倾听来自全国各地的心声，用自己微薄的力量，慰藉天涯一隅他人的孤独。</p><p>她说：“其实，哪有什么解决方案，谁的人生不是一堆麻烦？所有麻烦、痛苦，除了死等时间给出答案，哪有其他的办法呢？那些来信不过是絮絮叨叨地说，我的回信也不过是絮絮叨叨的陪伴，相互取暖而已。”</p><p><br></p><p>【推荐语】</p><p>&nbsp;</p><p>面对无解的爱情和人生，我们*能做的其实就是尽力按照自己的心意生活，不被任何人的意志所左右。</p><p>&nbsp;&nbsp;&nbsp;&nbsp;&nbsp;&nbsp;&nbsp;&nbsp;&nbsp;&nbsp;&nbsp;&nbsp;&nbsp;&nbsp;&nbsp;&nbsp;&nbsp;&nbsp;&nbsp;&nbsp;&nbsp;&nbsp;&nbsp;&nbsp;&nbsp;&nbsp;&nbsp;&nbsp;——陈鲁豫</p><p>★书中选读者来信69封，从多个层面反映了这个时代的爱、忧伤与困惑，鲁豫拼尽她47岁的人生经验与智慧，耐心而真诚地回答，精彩感人，金句叠出。</p><p>书中所展示的，都是当代人（从少年到中年）所面临的*典型、*艰难、*普遍的人生问题，鲁豫用她的诚恳，如知己，如闺密，如诤友般，一往一复，回应彼此内心的艰难。泥泞人生，我们都是同路人。</p><p>★在字里行间，一个独立、自强、优雅、向上的现代女性的特质被展露无遗。她对朋友的态度，她对爱情的态度，她对生活的态度，她对命运的态度，她对挫折的态度，她对时间的态度，都有着鲜明的姿态。她的所思所想、她的喜怒哀乐，她的朋友圈，她的个人生活，她的价值观和世界观，无一不清晰地跃然纸上。</p><p>★书中每一篇文后，都可以扫码倾听陈鲁豫温暖、倔强、真诚的声音和回答。有时哀其不幸，有时怒其不争，有时忍俊不禁，有时泫然泪下，有时重如泰山，有时四两拨千斤。你可以触摸到她真切的灵魂。</p><p><img src=\"http://img53.ddimg.cn/99999990002398443.jpg\"></p><p><br></p><p>【作者】</p><p>陈鲁豫，1970年出生于上海，成长于北京，主持人。毕业于中国传媒大学外语系国际新闻专业，之后先后在中央电视台、凤凰卫视担任主持人。</p><p>谈话类节目《鲁豫有约·说出你的故事》被《时代周刊》誉为“15年来中国zui有价值的电视节目之一”。2010年选《中国国家形象宣传片》人物。2013年—2015年担任安徽卫视语言竞技类真人秀《chaoji演说家》1—3季的导师和总监制。2014年—2018年担任北京卫视《我是演说家》1—4季节目导师和总监制。2017年腾讯视频《演说家》担任领队和总监制。2017年获得首届中国综艺峰会匠心盛典年度匠心“制片人”奖。</p><p><span style=\"color: rgb(255, 255, 255); background-color: rgb(0, 194, 154);\">目录</span></p><p>展开<img src=\"http://e.dangdang.com/products/img/down.png\"></p><p><br></p><p>PART1 按自己的意愿生活，别人闭嘴</p><p>我就丧了，就不合群，就特无聊，那又怎样？</p><p>你参与这个世界的方式是什么？</p><p>鸡汤有毒</p><p>恋爱也好，工作也罢，女孩子别被这些套路牵着鼻子走</p><p>是什么让你丧失了回怼的能力？</p><p>生活不是做给别人看的行为艺术</p><p>我享受独身，注定将来就老无所依？</p><p>PART2 迈出第一步，人生就有可能豁然开朗</p><p>离开父母，我们究竟会变成什么样子</p>','2018-01-13 21:02:08'),(11,'聊斋志异故事选','蒲松龄','山东美术出版社','Thu May 18 2017 00:00:00 GMT+0800 (中国标准时间)',1,'<p><span style=\"color: rgb(50, 50, 50); background-color: rgb(229, 229, 229);\">编辑推荐</span></p><p>重温《聊斋》经典故事，带你走进蒲松龄的鬼神小趣。</p><p>&nbsp;</p><p>非物质文化遗产：“小人书”映照了中国的历史，创造了民间艺术的文化奇观。</p><p><br></p><p>再现经典：经历近两年时间精心编撰，重温20世纪80年代连环画精品，再现绝版的精彩。</p><p><br></p><p>1.碎片式阅读无压力：故事情节独立，每册都是一个完整的小故事，每页都有插图和文字，呈现图文并茂的艺术魅力，毫无阅读障碍。2.传统图书的亲切感倍增：微黄的纸张，略有厚度的纸张，翻阅时充满无限的亲切感。</p><p>3. 堪称艺术精湛之作：三十多位连环画名家联袂创作，周申、项维仁、窦适魁、孙雨田、王经春等精心绘制，不同人物神情态势的微妙刻画，须发服饰、衣纹褶痕的娴熟处理令人赞叹不已。</p><p>4.精美礼盒套装：方便收纳与搁置，更是一份有情怀的伴手礼。</p><p>5.惊喜彩蛋：诚邀周申、章伯奇三十年后再创作《八大王》《鸦头》两本经典之作。</p><p><br></p><p>&nbsp;</p><p><span style=\"color: rgb(50, 50, 50); background-color: rgb(229, 229, 229);\">内容简介</span></p><p><br></p><p>&nbsp;&nbsp;&nbsp;《聊斋志异》是一部奇书，“鬼狐有性格，笑骂皆文章”，“刺贪刺虐入骨三分”。山东美术出版社老版的连环画《聊斋志异》是国内*好的聊斋题材连环画版本之一，在创作之初力邀连环画创作大家执笔，画本质量极高，读者至今仍推崇备至，为优美流畅的线描，不同人物神情态势的微妙刻画，须发服饰、衣纹褶痕的娴熟处理而赞叹不已。</p><p>&nbsp;&nbsp;&nbsp;</p><p>&nbsp;&nbsp;&nbsp;目前老版近乎绝迹，在连环画拥趸的热切期待下，山东美术出版社隆重推出《聊斋志异故事选》，再现经典。《聊斋志异故事选》精选《八大王》《陆判》《聂小倩》《鸦头》《席方平》《崂山道士》等《聊斋志异》中46个经典故事。或讴歌忠贞爱情，或鞭挞贪官污吏，或讥讽世态炎凉，或宣扬善恶报应。除了作品本身的艺术价值外，《聊斋志异故事选》还有其特殊的历史价值、研究价值和收藏价值。</p><p>&nbsp;&nbsp;&nbsp;&nbsp;</p><p>&nbsp;&nbsp;&nbsp;山东美术出版社《聊斋志异故事选》由三十多位连环画名家联袂创作，周申、项维仁、窦适魁、孙雨田、王经春等精心绘制。</p><p><span style=\"color: rgb(50, 50, 50); background-color: rgb(229, 229, 229);\">作者简介</span></p><p><br></p><p>周申，浙江诸暨人。擅长连环画。1960年毕业于中央美术学院附中。历任山东菏泽地区展览馆艺术馆美术干部。中国美术家协会会员 。《中国历史演义故事--宋史》，获第三届全国连环画绘画创作三等奖，</p><p><br></p><p><br></p><p><br></p><p><br></p><p><br></p><p><span style=\"color: rgb(80, 80, 80);\">显示全部信息</span></p><p><span style=\"color: rgb(50, 50, 50); background-color: rgb(229, 229, 229);\">目 录</span></p><p>目录（共46册）</p><p>1&nbsp;画皮&nbsp;2 青凤&nbsp;3 胭脂&nbsp;&nbsp;4 红玉&nbsp;5&nbsp;小翠&nbsp;&nbsp;6龙宫奇遇&nbsp;&nbsp;7&nbsp;崂山道士&nbsp;8 香玉</p><p>9&nbsp;聂小倩&nbsp;10席方平&nbsp;&nbsp;11&nbsp;封三娘&nbsp;&nbsp;12&nbsp;宝石头&nbsp;&nbsp;13&nbsp;白衣少年&nbsp;14&nbsp;牡丹仙女</p><p>15&nbsp;仙人岛&nbsp;16辛十四娘&nbsp;&nbsp;17 小梅 18&nbsp;西湖公主 19&nbsp;婴宁 20&nbsp;讨狐记&nbsp;&nbsp;21&nbsp;良缘奇曲</p><p>22&nbsp;姊妹易家 23&nbsp;菊仙 24&nbsp;奇冤记&nbsp;&nbsp;25&nbsp;两世姻缘 26&nbsp;促织 27&nbsp;贾秀才&nbsp;&nbsp;28&nbsp;黄粱梦</p><p>29&nbsp;宦娘 30&nbsp;阿宝 31&nbsp;王六郎&nbsp;&nbsp;32&nbsp;梅女 33&nbsp;狐嫁女&nbsp;&nbsp;34&nbsp;珠花媒&nbsp;&nbsp;35&nbsp;王者</p><p>36&nbsp;胡四娘&nbsp;&nbsp;37&nbsp;陆判&nbsp;38连琐&nbsp;39素秋 40成仙&nbsp;41细柳&nbsp;42袖里乾坤</p><p>43&nbsp;晚霞 44&nbsp;宫梦弼&nbsp;45鸦头&nbsp;46八大王</p><p>&nbsp;</p><p><br></p><p><span style=\"color: rgb(50, 50, 50); background-color: rgb(229, 229, 229);\">前 言</span></p><p>《聊斋志异》作者蒲松龄，山东淄川人，清代著名文学家。他出身没落地主家庭，对腐朽黑暗的封建社会有所认识，并利用小说进行揭露。在封建专制统治下，他有话不能直说，只好借助谈狐说鬼，批判当时的社会现实，歌颂人民的理想。他笔下的鬼、狐，实际是当时社会中的人。</p><p><span style=\"color: rgb(50, 50, 50); background-color: rgb(229, 229, 229);\">免费在线读</span></p><p><img src=\"http://img56.ddimg.cn/99999990001643396.jpg\"><img src=\"http://img57.ddimg.cn/99999990001643397.jpg\"><img src=\"http://img58.ddimg.cn/99999990001643398.jpg\"><img src=\"http://img59.ddimg.cn/99999990001643399.jpg\"><img src=\"http://img50.ddimg.cn/99999990001643400.jpg\"><img src=\"http://img51.ddimg.cn/99999990001643401.jpg\"></p><p><span style=\"color: rgb(50, 50, 50); background-color: rgb(229, 229, 229);\">书摘插画</span></p><p><img src=\"http://img58.ddimg.cn/99999990001622998.jpg\" alt=\"插图\"></p>','2018-01-13 21:03:31'),(12,'秘密 （东野圭吾创作生涯里程碑）','东野圭吾','南海出版公司','Wed Nov 15 2017 00:00:00 GMT+0800 (中国标准时间)',1,'<p><img src=\"http://img54.ddimg.cn/99999990002045994.jpg\"></p><p><span style=\"color: rgb(50, 50, 50); background-color: rgb(229, 229, 229);\">编辑推荐</span></p><p>《秘密》中的故事给人非常奇妙的感觉，这是一个只有两个人的三口之家，在别人看来平凡无奇，但他们必须保守这个秘密，对这个家之外的任何人都不能说起哪怕只言片语。</p><p>《秘密》在日本读者票选东野圭吾作品中位居第2名，仅次于《白夜行》。《秘密》日文版销量突破200万册，在东野作品序列中能达到这一规模的还有《白夜行》《嫌疑人X的献身》《黎明之街》等，均为一时之选。</p><p>《秘密》是东野圭吾作品走向西方世界的起点。2004年，《秘密》率先被翻译为英文，此后《嫌疑人X的献身》《白夜行》《恶意》等作品相继推出英文版。至今，《秘密》已被译为7种语言在11个国家和地区发行。</p><p>《秘密》不是推理小说，却获得第52届日本推理作家协会奖，并领衔《书的杂志》年度推理小说排行，足见故事的悬念和结局的意外令人印象深刻。</p><p>在东野圭吾创作生涯中，《秘密》是当之无愧的里程碑，东野圭吾从这本书开始备受关注。</p><p>东野圭吾写作30余年，出版了90多部作品，其中有4部作品具有里程碑般的意义，《秘密》是其中之一：</p><p>1.《放学后》：东野圭吾成名作，1985年获第31届江户川乱步奖，东野圭吾开始职业写作生涯；</p><p>2.《秘密》：1999年获第52届推理作家协会奖，并被迅速改编为电影，东野圭吾的影响力在地理和行业上突破了亚洲和图书出版界，开始被不同国家和地区、不同艺术领域的人们普遍关注；</p><p>3.《嫌疑人X的献身》：2005年获第134届直木奖、第6届本格推理小说大奖并领衔日本三大推理小说年度排行，从口碑、奖项和销量等方面奠定了东野圭吾领军作家的地位；</p><p>4.《解忧杂货店》：2012年获第7届中央公论文艺奖，这个奖专门颁给有新突破的成名作家。东野圭吾在已凭《嫌疑人X的献身》拿到日本文坛五项大奖后，仍大胆尝试新的写作风格，引领新的阅读风潮。</p><p>东野圭吾说：”《秘密》完成后，我的确对销量有所期待，但做梦也没想到居然卖得如此之好。我想《秘密》是上天对我兢兢业业写作的褒奖“。</p><p>全新译本，无任何删节。知名设计师精心设计内外双层封面，精装典藏。</p><p>&nbsp;</p><p><span style=\"color: rgb(50, 50, 50); background-color: rgb(229, 229, 229);\">内容简介</span></p><p>《秘密》是东野圭吾的长篇小说代表作，创作生涯里程碑作品，在众多读者心目中仅次于《白夜行》。东野曾说：“《秘密》是上天对我兢兢业业努力写作的褒奖。”如果用一句话来总结《秘密》讲述的故事，那就是：这是一个只有两个人的三口之家，他们必须保守这个秘密。</p><p>《秘密》不是推理小说，却获得日本推理作家协会奖，并领衔《书的杂志》年度推理小说排行榜，日本销量突破200万册。从《秘密》开始，东野圭吾的作品被翻译成英文走向西方世界。可以说，《秘密》在奖项、销量和题材上得到了东方、西方读者的普遍欢迎。</p><p>平介的幸福生活在39岁那年被摧毁了。妻子带着女儿回娘家探亲，乘坐的大巴意外坠落山崖。妻子拼命护住女儿，zui终伤重不治；女儿毫发未伤，但一直昏迷。妻子离世的那一刻，女儿奇迹般醒了过来。</p><p>平介强忍悲痛为妻子办完葬礼，回到病房，看到女儿在熟睡，他忍不住呜咽着呼喊妻子。这时突然传来一个声音：“……公。”平介吓了一跳，却四顾无人，正疑惑时又听到了那声音：“老公，我……我在这儿。”</p><p><span style=\"color: rgb(50, 50, 50); background-color: rgb(229, 229, 229);\">作者简介</span></p><p>东野圭吾</p><p>日本作家。</p><p>1985年，《放学后》获第31届江户川乱步奖，开始专职写作；</p><p>1999年，《白夜行》领衔周刊文春推理小说榜年度排行，《秘密》获第52届日本推理作家协会奖；</p><p>2005年出版的《嫌疑人X的献身》同时获得第134届直木奖、第6届本格推理小说大奖，并领衔三大推理小说排行榜年度排行；</p><p>2008年，《流星之绊》获第43届新风奖；</p><p>2009年出版的《新参者》领衔两大推理小说排行榜年度排名；</p><p>2012年，《解忧杂货店》获第7届中央公论文艺奖；</p><p>2014年，《祈祷落幕时》获第48届吉川英治文学奖。</p>','2018-01-13 21:05:13'),(13,'生肖日历：2018灵犬旺年（商务印书馆品牌，高端精美文化日历）',':薛晓源 主编，胡运彪 赵序茅 编译','商务印书馆','Thu Jun 08 2017 00:00:00 GMT+0800 (中国标准时间)',2,'<p><span style=\"color: rgb(50, 50, 50); background-color: rgb(229, 229, 229);\">编辑推荐</span></p><ul><li>2018，岁戊戌，生肖狗。特以灵犬日历迎新贺岁，寓意兴旺安康。</li><li>荟萃西方博物学百年珍藏，汇集365张灵犬精美手绘。</li><li>一日一读的小百科全书，在狗年细详有关狗的知识与文化。</li><li>每一帧的时光，每一页的相伴，左手博物艺术，右手天天吉祥。</li><li>寓知识与审美于日常生活，集艺术与博物为一体，兼具实用性与收藏性。</li><li>材质考究，装帧精美。独特书口彩绘，华丽不失典雅，360度美好。</li><li>爱犬人士必备，生肖狗者特藏，读者诸君送往迎来佳选。</li></ul><p>&nbsp;</p><p><span style=\"color: rgb(50, 50, 50); background-color: rgb(229, 229, 229);\">内容简介</span></p><p>从辽远的海滩到巍峨的高山，从宁静的乡村到喧闹的都市，只要有人居住的地方，都能看到狗的身影，它们陪伴在人们的身边，成为人类*忠诚的朋友。</p><p>《生肖日历：2018灵犬旺年》遴选了17至19世纪西方博物画家精心绘制的365张狗的图片，涉及宠物犬、工作犬、猎犬等多种类群。这些图中有雍容威仪的苏格兰牧羊犬、身长腿短的腊肠犬、强壮高大的圣伯纳犬、貌似狐狸的博美犬，还有广为人知的哈巴狗、吉娃娃、泰迪犬、松狮犬等，也有大家并不熟悉的猎狼犬、猎鹿犬和各种?犬，配以简洁的文字说明，并介绍了各犬种的外形特征、产地起源、生活习性等。</p><p>谨借助这本寓知识与审美于日常生活、集艺术与博物为一体、兼具实用性与收藏性的生肖日历，向中国传统的狗年致献。</p><p><span style=\"color: rgb(50, 50, 50); background-color: rgb(229, 229, 229);\">作者简介</span></p><p>主编：薛晓源，博士，中央编译局研究员，北京大学中国画法研究院兼职教授、中国人民大学艺术学院特聘教授、《中国书画》杂志专业委员会委员。</p><p>译者：胡运彪，博士，中国科学院动物研究所博士后。已发表十余篇学术论文，翻译图书两册，审校图书10余册，参与国家自然科学基金项目10项，承担地区性生物多样性调查项目2项。赵序茅，硕士，中国科学院动物研究所在读博士。已出版科普图书5册，发表了多篇学术论文。</p><p><span style=\"color: rgb(50, 50, 50); background-color: rgb(229, 229, 229);\">前 言</span></p><p>前 言&nbsp;</p><p><br></p><p>从辽远的海滩到巍峨的高山，从宁静的乡村到喧闹的都市，只要有人居住的地方，都能看到狗的身影，或乖巧，或灵动，或静守，或吠叫……它们陪伴在人们的身边，成为人类最忠诚的朋友。</p><p>大约一万五千年前，有一部分狼被早期人类成功地驯化成了狗，成为人类打猎的好帮手。《说文解字》中记载：“狗，孔子曰：‘叩也，叩气吠以守。’”说明当时的狗主要用来看守和警卫。民间有“犬有八德”之说，即忠、义、勇、猛、勤、善、美、劳八种品德。过去还有狗主富贵、狗旺官财等说法。而在城市化高度发达的今天，狗又有了很多新的角色，比如消防犬、导盲犬、搜救犬等。它们的善解人意，它们的甘苦相伴，还为许多人带来了精神上的慰藉，据说美国总统杜鲁门就说过：“在华盛顿，你若想找个朋友，那就养条狗吧。”</p><p><span style=\"color: rgb(80, 80, 80);\">显示全部信息</span></p><p><span style=\"color: rgb(50, 50, 50); background-color: rgb(229, 229, 229);\">媒体评论</span></p><p>评论</p><p><span style=\"color: rgb(50, 50, 50); background-color: rgb(229, 229, 229);\">书摘插画</span></p><p><img src=\"http://img51.ddimg.cn/99999990001932841.jpg\" alt=\"插图\"></p>','2018-01-13 21:06:22'),(14,'我们的中国（精装全四册）','李零','生活.读书.新知三联书店','Wed Jun 15 2016 00:00:00 GMT+0800 (中国标准时间)',0,'<p><span style=\"color: rgb(50, 50, 50); background-color: rgb(229, 229, 229);\">编辑推荐</span></p><p><strong>&nbsp;&nbsp;&nbsp;中国是一个怎样的中国？&nbsp;</strong></p><p><strong>&nbsp;&nbsp;&nbsp;北京大学李零教授，历经多年遍访中国上古以来重要的城址、战场、祭祀遗迹等，在旅行日记和考察记的基础上，写作《我们的中国》。书中从禹贡九州，讲到周秦的两次大一统；从寻访孔子和秦始皇、汉武帝的足迹，到中国的山水形胜、岳镇海渎；还论述了20世纪中国革命的地理问题。</strong></p><p><strong>&nbsp;&nbsp;&nbsp;&nbsp;经由此书，中国自上古以来的人文和精神世界，有了一个大地上的维度。《我们的中国》是李零在《我们的经典》之后，又一部研究中国的巨制。</strong></p><p><strong>&nbsp;<img src=\"http://img55.ddimg.cn/99999990000307195.jpg\"></strong></p><p>&nbsp;</p><p><span style=\"color: rgb(50, 50, 50); background-color: rgb(229, 229, 229);\">内容简介</span></p><p>&nbsp;&nbsp;&nbsp;<strong>&nbsp;著名学者李零历经十余年，在中国各地一边考察一边读书，探究古代历史，思考当下问题，推出专题论著集《我们的中国》。</strong></p><p>全书分四编</p><p>*编“茫茫禹迹”，讲述中国大一统国家形成的历史进程。“禹迹”是古人对中国的起初表达，本书通过禹贡九州总论中国地理的全&nbsp;&nbsp;&nbsp;貌。</p><p>第二编“周行天下”，跟随古代“三大旅行家”的足迹寻访古今变迁。*一位旅行家是孔子，第二是秦始皇，第三是汉武帝；孔子是宦游的代表，秦皇、汉武是巡狩的代表。</p><p>第三编“大地文章”，既是山川考察记，也是家乡考古学。中国人极重视“老家”，寻根问祖也要有从纸上到地上的功夫。</p><p>第四编“思想地图”，特别提到思想的重要性，“大一统”是古代的世界概念，中国叫“天下”。中国是一个文明漩涡，既有辐辏，也有辐射，雪球越滚越大，形成了“大一统”。</p><p><span style=\"color: rgb(50, 50, 50); background-color: rgb(229, 229, 229);\">作者简介</span></p><p>&nbsp;&nbsp;&nbsp;&nbsp;李零，1948年生，祖籍山西武乡。北京大学教授。主要从事考古、古文字和古文献的研究。</p><p>&nbsp;&nbsp;&nbsp;&nbsp;主要著作：《简帛古书与学术源流》《长沙子弹库战国楚帛书研究》《郭店楚简校读记》《上博楚简三篇校读记》《《孙子》十三篇综合研究》《兵以诈立——我读《孙子》》《丧家狗——我读《论语》》《兰台万卷——读《汉书?艺文志》》《我们的经典》《中国方术正考》《中国方术续考》《入山与出塞》《铄古铸今》《待兔轩文存?读史卷》《放虎归山》《花间一壶酒》《何枝可依——待兔轩读书记》《鸟儿歌唱》《大刀阔斧绣花针》《小字白劳》。</p><p><span style=\"color: rgb(50, 50, 50); background-color: rgb(229, 229, 229);\">目 录</span></p><p>第一编 茫茫禹迹</p><p>——中国的两次大一统</p><p>自序</p><p>两次大一统</p><p>两周族姓考</p><p>论X公盨发现的意义</p><p>禹迹考——《禹贡》讲授提纲</p><p>《史记》中所见秦早期都邑葬地</p><p>周秦戎关系的再认识——为《秦与戎：秦文化与西戎文化十年考古成果展》而作</p><p>第二编 周行天下</p><p>——从孔子到秦皇汉武</p><p>自序&nbsp;</p><p>大地上的《论语》</p><p>读《鲁国之图》</p><p><span style=\"color: rgb(80, 80, 80);\">显示全部信息</span></p><p><span style=\"color: rgb(50, 50, 50); background-color: rgb(229, 229, 229);\">前 言</span></p><p>《茫茫禹迹》自序</p><p> 我的专业是什么，有点乱。但说乱也不乱。我这一辈子，从二十来岁到现在，竭四十年之力，全是为了研究中国。什么是中国？这是本书的主题。</p><p> 17年前，我跟唐晓峰一起策划《九州》，目的是什么？就是研究中国——从地理研究中国。</p><p> 唐晓峰是侯仁之先生的高足。他是专门治历史地理的学者。他想把顾颉刚先生的话题接着讲下去，因此用“九州”作这本不定期刊物的书名。当时，我在整理上博楚简，其中有一篇叫《容成氏》，正好就是讲九州。我把这篇简文中的“九州”二字复制，作为这个刊物的题签。古人的字就是好，大家都说漂亮。封面，我也掺乎。这个封面，“九州”二字下面是四方八位加中央的九宫图，九宫图下面是大江大河，据说得了奖。此外，我有个建议，每册前面都用《左传》中的一段名言作题词。现在，我把这段话写在了这本书的前面，算是一点纪念吧。</p><p><span style=\"color: rgb(80, 80, 80);\">显示全部信息</span></p><p><span style=\"color: rgb(50, 50, 50); background-color: rgb(229, 229, 229);\">媒体评论</span></p><p>近年来李零所做的学术工作，集中于研究中国各地的地上遗迹、地下文物，新的问题来自*的考古发现或是对传世文献的全新解读，在一系列具体研究的背后，是他对“中国”问题的思考。他将多年来的论著、学术随笔、考察笔记结集成书，就是《我们的中国》。</p><p> 从《我们的经典》到《我们的中国》</p><p> 在写作《我们的中国》之前，李零用了近八年的时间，撰写了另一部大书《我们的经典》。他站在出土文献研究的前沿，为普通读者重新讲解《论语》《老子》《孙子兵法》和《周易》这四部名著。他说，这是现代人眼中“*能代表中国古代智慧的书”，也“比其他古书更能代表中国文化，更容易融入世界文化”。他写这套书，意在整理、普及优秀的传统典籍，反对泥古、崇古，他的译注和解读显得独树一帜，没有浓重的学究气，有我们这个时代的鲜明个性。《我们的经典》套装和单行本迄今销售超过了5万部，仍不断加印，尤其以讲解《周易》的《死生有命富贵在天》影响*。</p><p> 《我们的经典》和《我们的中国》，有内在的关联。前者通过四部书，解说中国人的内心世界，后者则是从书斋走向了名山大川，面对一个更广阔、更现实的大地上的中国。</p><p><span style=\"color: rgb(80, 80, 80);\">显示全部信息</span></p><p><span style=\"color: rgb(50, 50, 50); background-color: rgb(229, 229, 229);\">免费在线读</span></p><p><br></p><p>人不可能涉于同一条河流，这是老生常谈。每当我们一步步走进历史，我们也就在一步步退出历史。现在，年纪越大，这种感觉越强烈。</p><p>《老子》说，为学日益，为道日损。我们学得越多，才越需要提炼。有人以为，基础学科就是谁离开我都不行，我离开谁都行，一切都靠积沙成塔，一切都靠归纳法。这是光讲前四个字。</p><p>历史拼图，仰赖考古，没错，但你真的以为，历史可以全部挖出来吗？我们的知识永远漏洞百出，已知总是比不了未知。古文字，对象更具体，道理一样。</p><p>人老了，精力不济了，单枪匹马，以全求大，那是自不量力。你就是课题费一大把，指挥千军万马，照样没用。以小搏大，只能靠为道日损，学得越多越要损。</p><p><br></p><p>我的最后一个集子偏重地理思想，我叫“思想地图”。地图是让人用眼睛看的，一山一水、一城一邑，很具体，这样的东西也有思想吗？思想也可以用地图来表现吗？这是个有趣的问题。</p><p>小时候，玩具蛊惑好奇心，让我忍不住把它拆开来，一探究竟。然而拆开的零件散落一地，却怎么也装不回去。Puzzle是一种智力游戏。地理学家怎么把自古及今无数人在大地行走的知识拼成一幅完整的地图，这可不是容易事。</p><p>地理也有思想史。</p><p>历史总是被不断简化。好的可能说得更好，坏的可能说得更坏。有美化，也有丑化，让有科学训练的历史学家很不满意。历史学家说，这类历史叙事是一种人为建构，要解构，要重构，细节复原，宁繁勿简。</p><p>前些年，我介绍过一场“学术科索沃”的讨论。贝格利教授的“解构永恒中国”说给我留下深刻印象。</p><p>今年是马年，有两个故事跟马有关，立意正好相反。</p><p><span style=\"color: rgb(80, 80, 80);\">显示全部信息</span></p><p><span style=\"color: rgb(50, 50, 50); background-color: rgb(229, 229, 229);\">书摘插画</span></p><p><img src=\"http://img59.ddimg.cn/99999990000269749.jpg\" alt=\"插图\"></p>','2018-01-13 21:07:15');

/*Table structure for table `t_book` */

DROP TABLE IF EXISTS `t_book`;

CREATE TABLE `t_book` (
  `bid` int(11) NOT NULL AUTO_INCREMENT,
  `userid` int(11) NOT NULL,
  `btid` int(11) NOT NULL COMMENT '书籍种类id',
  `bookname` varchar(110) NOT NULL,
  `bookpic` varchar(110) NOT NULL,
  `description` text NOT NULL,
  `condi` int(11) NOT NULL COMMENT '0:正常 1:屏蔽',
  `time` varchar(110) NOT NULL,
  PRIMARY KEY (`bid`)
) ENGINE=InnoDB AUTO_INCREMENT=3 DEFAULT CHARSET=utf8mb4;

/*Data for the table `t_book` */

insert  into `t_book`(`bid`,`userid`,`btid`,`bookname`,`bookpic`,`description`,`condi`,`time`) values (1,30,1,'testbook','test.jpg','test',1,'2017-12-19 22:56:14'),(2,31,1,'testbook2','test2.jpg','test2',1,'2017-12-21 20:07:51');

/*Table structure for table `t_booktype` */

DROP TABLE IF EXISTS `t_booktype`;

CREATE TABLE `t_booktype` (
  `btid` int(11) NOT NULL AUTO_INCREMENT,
  `name` varchar(110) NOT NULL,
  `time` varchar(110) NOT NULL,
  PRIMARY KEY (`btid`)
) ENGINE=InnoDB AUTO_INCREMENT=2 DEFAULT CHARSET=utf8mb4;

/*Data for the table `t_booktype` */

insert  into `t_booktype`(`btid`,`name`,`time`) values (1,'算法','2017-12-28 11:01:20');

/*Table structure for table `t_borrowrecord` */

DROP TABLE IF EXISTS `t_borrowrecord`;

CREATE TABLE `t_borrowrecord` (
  `bid` int(11) NOT NULL AUTO_INCREMENT,
  `rid` int(11) NOT NULL,
  `raccount` varchar(110) NOT NULL COMMENT '读者账号',
  `aid` int(11) NOT NULL,
  `sid` int(11) NOT NULL,
  `time` varchar(110) NOT NULL,
  `backtime` varchar(110) NOT NULL,
  `inttime` varchar(110) NOT NULL COMMENT '判断是否超期',
  PRIMARY KEY (`bid`)
) ENGINE=InnoDB AUTO_INCREMENT=10 DEFAULT CHARSET=utf8mb4;

/*Data for the table `t_borrowrecord` */

insert  into `t_borrowrecord`(`bid`,`rid`,`raccount`,`aid`,`sid`,`time`,`backtime`,`inttime`) values (8,3,'B14041525',5,7,'2018-01-13 21:47:31','2018-01-28 21:47:31','1517147251478'),(9,3,'B14041525',13,11,'2018-01-13 21:50:13','2018-01-28 21:50:13','1517147413540');

/*Table structure for table `t_message` */

DROP TABLE IF EXISTS `t_message`;

CREATE TABLE `t_message` (
  `mid` int(11) NOT NULL AUTO_INCREMENT,
  `fromuserid` int(11) NOT NULL,
  `touserid` int(11) NOT NULL,
  `content` text NOT NULL,
  `condi` int(11) NOT NULL COMMENT '0:未读 1:已读',
  `time` varchar(110) NOT NULL,
  PRIMARY KEY (`mid`)
) ENGINE=InnoDB AUTO_INCREMENT=7 DEFAULT CHARSET=utf8mb4;

/*Data for the table `t_message` */

insert  into `t_message`(`mid`,`fromuserid`,`touserid`,`content`,`condi`,`time`) values (1,30,31,'你好',0,'2017-12-28 22:08:11'),(2,31,30,'你好',0,'2017-12-28 22:08:35'),(3,30,31,'你叫什么？',0,'2017-12-28 22:09:13'),(4,31,30,'不告诉你，哈哈',0,'2017-12-28 22:09:53'),(6,33,30,'hello\r\n',0,'2017-12-28 22:09:58');

/*Table structure for table `t_notice` */

DROP TABLE IF EXISTS `t_notice`;

CREATE TABLE `t_notice` (
  `nid` int(11) NOT NULL AUTO_INCREMENT,
  `title` varchar(110) NOT NULL,
  `content` text NOT NULL,
  `condi` int(11) NOT NULL COMMENT '0:普通会员 1:vip1',
  `time` varchar(110) NOT NULL,
  PRIMARY KEY (`nid`)
) ENGINE=InnoDB AUTO_INCREMENT=2 DEFAULT CHARSET=utf8mb4;

/*Data for the table `t_notice` */

insert  into `t_notice`(`nid`,`title`,`content`,`condi`,`time`) values (1,'测试公告','测试公告内容',0,'2018-01-01 20:44:34');

/*Table structure for table `t_position` */

DROP TABLE IF EXISTS `t_position`;

CREATE TABLE `t_position` (
  `pid` int(11) NOT NULL AUTO_INCREMENT,
  `userid` int(11) NOT NULL,
  `address` varchar(110) NOT NULL,
  `time` varchar(110) NOT NULL,
  PRIMARY KEY (`pid`)
) ENGINE=InnoDB AUTO_INCREMENT=4 DEFAULT CHARSET=utf8mb4;

/*Data for the table `t_position` */

insert  into `t_position`(`pid`,`userid`,`address`,`time`) values (1,31,'江苏南京栖霞','2017-12-28 20:59:31'),(3,31,'江苏宿迁泗阳','2017-12-28 21:01:32');

/*Table structure for table `t_reader` */

DROP TABLE IF EXISTS `t_reader`;

CREATE TABLE `t_reader` (
  `rid` int(11) NOT NULL AUTO_INCREMENT,
  `account` varchar(110) NOT NULL,
  `password` varchar(110) NOT NULL,
  `name` varchar(110) NOT NULL,
  `sex` varchar(11) NOT NULL,
  `time` varchar(110) NOT NULL,
  `condi` int(11) NOT NULL COMMENT '0:读者 1：图书管理员 2：系统管理员',
  PRIMARY KEY (`rid`)
) ENGINE=InnoDB AUTO_INCREMENT=14 DEFAULT CHARSET=utf8mb4;

/*Data for the table `t_reader` */

insert  into `t_reader`(`rid`,`account`,`password`,`name`,`sex`,`time`,`condi`) values (1,'super','super','Tony','男','2018-01-08 21:28:47',2),(2,'manager','manager','Sunny','女','2018-01-09 22:52:53',1),(3,'student','student','学生甲','男','2018-01-10 09:13:33',0),(4,'student2','student2','学生乙','男','2018-01-10 09:15:52',0);

/*Table structure for table `t_subalbum` */

DROP TABLE IF EXISTS `t_subalbum`;

CREATE TABLE `t_subalbum` (
  `sid` int(11) NOT NULL AUTO_INCREMENT,
  `aid` int(11) NOT NULL,
  `number` varchar(110) NOT NULL,
  `condi` int(11) NOT NULL COMMENT '可借：0 不可借：1',
  `time` varchar(110) NOT NULL,
  PRIMARY KEY (`sid`)
) ENGINE=InnoDB AUTO_INCREMENT=19 DEFAULT CHARSET=utf8mb4;

/*Data for the table `t_subalbum` */

insert  into `t_subalbum`(`sid`,`aid`,`number`,`condi`,`time`) values (4,4,'12345678',0,'2018-01-13 20:31:47'),(5,5,'12342342s',0,'2018-01-13 21:45:39'),(6,5,'asdfasd2',0,'2018-01-13 21:45:55'),(7,5,'werw11',1,'2018-01-13 21:46:00'),(8,6,'werw111',0,'2018-01-13 21:46:04'),(9,7,'121212',0,'2018-01-13 21:46:07'),(10,13,'121assasas',0,'2018-01-13 21:46:16'),(11,13,'ASD2',1,'2018-01-13 21:46:22'),(12,12,'asdfasd',0,'2018-01-13 21:46:26'),(13,11,'123ws',0,'2018-01-13 21:46:31'),(14,9,'qwerq1',0,'2018-01-13 21:46:36'),(15,9,'qwerqew',0,'2018-01-13 21:46:38'),(16,8,'232323',0,'2018-01-13 21:46:42'),(17,7,'wewe',0,'2018-01-13 21:46:45'),(18,4,'test编号',0,'2018-01-17 09:23:51');

/*Table structure for table `t_user` */

DROP TABLE IF EXISTS `t_user`;

CREATE TABLE `t_user` (
  `userid` int(11) NOT NULL AUTO_INCREMENT,
  `email` varchar(110) NOT NULL,
  `nickname` varchar(110) NOT NULL,
  `password` varchar(110) NOT NULL,
  `head` varchar(110) NOT NULL,
  `credit` int(11) NOT NULL,
  `condi` int(11) NOT NULL COMMENT '0：已注册，未激活；1：已激活，普通用户；2：异常用户，限制使用',
  PRIMARY KEY (`userid`)
) ENGINE=InnoDB AUTO_INCREMENT=32 DEFAULT CHARSET=utf8mb4;

/*Data for the table `t_user` */

insert  into `t_user`(`userid`,`email`,`nickname`,`password`,`head`,`credit`,`condi`) values (30,'test@qq.com','test@qq.com','ICy5YqxZB1uWSwcVLSNLcA==','head.jpg',0,0),(31,'lin2','123','ICy5YqxZB1uWSwcVLSNLcA==','123',123,1);

/*!40101 SET SQL_MODE=@OLD_SQL_MODE */;
/*!40014 SET FOREIGN_KEY_CHECKS=@OLD_FOREIGN_KEY_CHECKS */;
/*!40014 SET UNIQUE_CHECKS=@OLD_UNIQUE_CHECKS */;
/*!40111 SET SQL_NOTES=@OLD_SQL_NOTES */;
